    1     1     1     1 90.000000 390.000000 129.000000
    2     1     1     2 88.500000 386.250000 129.600000
    3     1     1     3 88.500000 386.250000 129.600000
    4     1     1     4 81.000000 373.500000 138.600000
    5     1     1     5 90.000000 390.000000 129.000000
    6     1     1     6 81.000000 373.500000 138.600000
    7     1     1     7 90.000000 390.000000 129.000000
    8     1     1     8 84.000000 381.000000 137.400000
    9     1     1     9 93.000000 397.500000 127.800000
   10     1     1    10 79.500000 369.750000 139.200000
   11     1     1    11 91.500000 393.750000 128.400000
   12     1     1    12 88.500000 386.250000 129.600000
   13     1     1    13 90.000000 390.000000 129.000000
   14     1     1    14 85.500000 378.750000 130.800000
   15     1     1    15 88.500000 386.250000 129.600000
   16     1     1    16 88.500000 386.250000 129.600000
   17     1     1    17 90.000000 390.000000 129.000000
   18     1     1    18 91.500000 393.750000 128.400000
   19     1     1    19 90.000000 390.000000 129.000000
   20     1     1    20 84.000000 381.000000 137.400000
   21     1     1    21 90.000000 390.000000 129.000000
   22     1     1    22 87.000000 388.500000 136.200000
   23     1     1    23 84.000000 381.000000 137.400000
   24     1     1    24 84.000000 381.000000 137.400000
   25     1     1    25 82.500000 377.250000 138.000000
   26     1     1    26 82.500000 377.250000 138.000000
   27     1     1    27 82.500000 377.250000 138.000000
   28     1     1    28 82.500000 377.250000 138.000000
   29     1     1    29 93.000000 397.500000 127.800000
   30     1     1    30 82.500000 377.250000 138.000000
   31     1     1    31 90.000000 390.000000 129.000000
   32     1     1    32 87.000000 382.500000 130.200000
   33     1     2     1 85.500000 378.750000 130.800000
   34     1     2     2 91.500000 393.750000 128.400000
   35     1     2     3 88.500000 386.250000 129.600000
   36     1     2     4 94.500000 401.250000 127.200000
   37     1     2     5 91.500000 395.250000 129.900000
   38     1     2     6 93.000000 399.000000 129.300000
   39     1     2     7 93.000000 397.500000 127.800000
   40     1     2     8 84.000000 382.500000 138.900000
   41     1     2     9 90.000000 391.500000 130.500000
   42     1     2    10 91.500000 393.750000 128.400000
   43     1     2    11 91.500000 393.750000 128.400000
   44     1     2    12 85.500000 386.250000 138.300000
   45     1     2    13 91.500000 393.750000 128.400000
   46     1     2    14 91.500000 393.750000 128.400000
   47     1     2    15 93.000000 397.500000 127.800000
   48     1     2    16 88.500000 386.250000 129.600000
   49     1     2    17 90.000000 390.000000 129.000000
   50     1     2    18 88.500000 386.250000 129.600000
   51     1     2    19 93.000000 397.500000 127.800000
   52     1     2    20 91.500000 393.750000 128.400000
   53     1     2    21 85.500000 378.750000 130.800000
   54     1     2    22 87.000000 382.500000 130.200000
   55     1     2    23 91.500000 395.250000 129.900000
   56     1     2    24 88.500000 386.250000 129.600000
   57     1     2    25 91.500000 393.750000 128.400000
   58     1     2    26 88.500000 386.250000 129.600000
   59     1     2    27 84.000000 382.500000 138.900000
   60     1     2    28 90.000000 390.000000 129.000000
   61     1     2    29 88.500000 386.250000 129.600000
   62     1     2    30 91.500000 393.750000 128.400000
   63     1     2    31 91.500000 393.750000 128.400000
   64     1     2    32 88.500000 386.250000 129.600000
   65     1     3     1 82.500000 383.250000 144.000000
   66     1     3     2 82.500000 383.250000 144.000000
   67     1     3     3 84.000000 387.000000 143.400000
   68     1     3     4 85.500000 390.750000 142.800000
   69     1     3     5 85.500000 390.750000 142.800000
   70     1     3     6 84.000000 387.000000 143.400000
   71     1     3     7 82.500000 383.250000 144.000000
   72     1     3     8 88.500000 398.250000 141.600000
   73     1     3     9 82.500000 383.250000 144.000000
   74     1     3    10 85.500000 390.750000 142.800000
   75     1     3    11 84.000000 387.000000 143.400000
   76     1     3    12 82.500000 383.250000 144.000000
   77     1     3    13 85.500000 390.750000 142.800000
   78     1     3    14 84.000000 388.500000 144.900000
   79     1     3    15 84.000000 387.000000 143.400000
   80     1     3    16 81.000000 381.000000 146.100000
   81     1     3    17 81.000000 379.500000 144.600000
   82     1     3    18 82.500000 383.250000 144.000000
   83     1     3    19 82.500000 383.250000 144.000000
   84     1     3    20 82.500000 383.250000 144.000000
   85     1     3    21 82.500000 383.250000 144.000000
   86     1     3    22 85.500000 390.750000 142.800000
   87     1     3    23 82.500000 383.250000 144.000000
   88     1     3    24 82.500000 383.250000 144.000000
   89     1     3    25 79.500000 375.750000 145.200000
   90     1     3    26 82.500000 383.250000 144.000000
   91     1     3    27 79.500000 375.750000 145.200000
   92     1     3    28 81.000000 379.500000 144.600000
   93     1     3    29 85.500000 390.750000 142.800000
   94     1     3    30 85.500000 390.750000 142.800000
   95     1     3    31 82.500000 383.250000 144.000000
   96     1     3    32 78.000000 372.000000 145.800000
   97     1     4     1 79.500000 375.750000 145.200000
   98     1     4     2 79.500000 375.750000 145.200000
   99     1     4     3 78.000000 372.000000 145.800000
  100     1     4     4 82.500000 383.250000 144.000000
  101     1     4     5 81.000000 379.500000 144.600000
  102     1     4     6 85.500000 390.750000 142.800000
  103     1     4     7 82.500000 383.250000 144.000000
  104     1     4     8 79.500000 375.750000 145.200000
  105     1     4     9 82.500000 383.250000 144.000000
  106     1     4    10 79.500000 375.750000 145.200000
  107     1     4    11 79.500000 375.750000 145.200000
  108     1     4    12 84.000000 387.000000 143.400000
  109     1     4    13 81.000000 379.500000 144.600000
  110     1     4    14 82.500000 383.250000 144.000000
  111     1     4    15 82.500000 383.250000 144.000000
  112     1     4    16 81.000000 379.500000 144.600000
  113     1     4    17 82.500000 383.250000 144.000000
  114     1     4    18 81.000000 379.500000 144.600000
  115     1     4    19 81.000000 379.500000 144.600000
  116     1     4    20 84.000000 387.000000 143.400000
  117     1     4    21 78.000000 372.000000 145.800000
  118     1     4    22 78.000000 372.000000 145.800000
  119     1     4    23 79.500000 375.750000 145.200000
  120     1     4    24 75.000000 364.500000 147.000000
  121     1     4    25 81.000000 379.500000 144.600000
  122     1     4    26 76.500000 368.250000 146.400000
  123     1     4    27 82.500000 383.250000 144.000000
  124     1     4    28 76.500000 368.250000 146.400000
  125     1     4    29 79.500000 375.750000 145.200000
  126     1     4    30 79.500000 375.750000 145.200000
  127     1     4    31 79.500000 375.750000 145.200000
  128     1     4    32 79.500000 375.750000 145.200000
  129     2     1     1 79.500000 381.750000 151.200000
  130     2     1     2 78.000000 378.000000 151.800000
  131     2     1     3 78.000000 378.000000 151.800000
  132     2     1     4 79.500000 381.750000 151.200000
  133     2     1     5 81.000000 385.500000 150.600000
  134     2     1     6 79.500000 381.750000 151.200000
  135     2     1     7 81.000000 385.500000 150.600000
  136     2     1     8 79.500000 381.750000 151.200000
  137     2     1     9 79.500000 381.750000 151.200000
  138     2     1    10 82.500000 389.250000 150.000000
  139     2     1    11 78.000000 378.000000 151.800000
  140     2     1    12 82.500000 389.250000 150.000000
  141     2     1    13 81.000000 385.500000 150.600000
  142     2     1    14 82.500000 389.250000 150.000000
  143     2     1    15 87.000000 400.500000 148.200000
  144     2     1    16 85.500000 396.750000 148.800000
  145     2     1    17 79.500000 381.750000 151.200000
  146     2     1    18 79.500000 381.750000 151.200000
  147     2     1    19 85.500000 396.750000 148.800000
  148     2     1    20 82.500000 389.250000 150.000000
  149     2     1    21 78.000000 378.000000 151.800000
  150     2     1    22 79.500000 381.750000 151.200000
  151     2     1    23 81.000000 385.500000 150.600000
  152     2     1    24 79.500000 381.750000 151.200000
  153     2     1    25 81.000000 385.500000 150.600000
  154     2     1    26 82.500000 389.250000 150.000000
  155     2     1    27 78.000000 378.000000 151.800000
  156     2     1    28 79.500000 381.750000 151.200000
  157     2     1    29 79.500000 381.750000 151.200000
  158     2     1    30 84.000000 393.000000 149.400000
  159     2     1    31 82.500000 389.250000 150.000000
  160     2     1    32 81.000000 385.500000 150.600000
  161     2     2     1 69.000000 358.500000 158.400000
  162     2     2     2 82.500000 392.250000 153.000000
  163     2     2     3 82.500000 392.250000 153.000000
  164     2     2     4 76.500000 377.250000 155.400000
  165     2     2     5 78.000000 381.000000 154.800000
  166     2     2     6 73.500000 369.750000 156.600000
  167     2     2     7 73.500000 369.750000 156.600000
  168     2     2     8 78.000000 381.000000 154.800000
  169     2     2     9 76.500000 377.250000 155.400000
  170     2     2    10 79.500000 384.750000 154.200000
  171     2     2    11 76.500000 377.250000 155.400000
  172     2     2    12 73.500000 369.750000 156.600000
  173     2     2    13 81.000000 388.500000 153.600000
  174     2     2    14 76.500000 377.250000 155.400000
  175     2     2    15 73.500000 369.750000 156.600000
  176     2     2    16 76.500000 377.250000 155.400000
  177     2     2    17 76.500000 377.250000 155.400000
  178     2     2    18 82.500000 392.250000 153.000000
  179     2     2    19 72.000000 366.000000 157.200000
  180     2     2    20 73.500000 369.750000 156.600000
  181     2     2    21 79.500000 384.750000 154.200000
  182     2     2    22 73.500000 369.750000 156.600000
  183     2     2    23 76.500000 377.250000 155.400000
  184     2     2    24 72.000000 366.000000 157.200000
  185     2     2    25 76.500000 377.250000 155.400000
  186     2     2    26 70.500000 362.250000 157.800000
  187     2     2    27 72.000000 366.000000 157.200000
  188     2     2    28 76.500000 377.250000 155.400000
  189     2     2    29 73.500000 369.750000 156.600000
  190     2     2    30 70.500000 362.250000 157.800000
  191     2     2    31 72.000000 366.000000 157.200000
  192     2     2    32 76.500000 377.250000 155.400000
  193     2     3     1 85.500000 396.750000 148.800000
  194     2     3     2 81.000000 385.500000 150.600000
  195     2     3     3 81.000000 385.500000 150.600000
  196     2     3     4 81.000000 385.500000 150.600000
  197     2     3     5 78.000000 378.000000 151.800000
  198     2     3     6 81.000000 385.500000 150.600000
  199     2     3     7 81.000000 385.500000 150.600000
  200     2     3     8 79.500000 381.750000 151.200000
  201     2     3     9 79.500000 381.750000 151.200000
  202     2     3    10 76.500000 374.250000 152.400000
  203     2     3    11 84.000000 393.000000 149.400000
  204     2     3    12 79.500000 381.750000 151.200000
  205     2     3    13 78.000000 378.000000 151.800000
  206     2     3    14 81.000000 385.500000 150.600000
  207     2     3    15 81.000000 385.500000 150.600000
  208     2     3    16 81.000000 385.500000 150.600000
  209     2     3    17 79.500000 381.750000 151.200000
  210     2     3    18 79.500000 381.750000 151.200000
  211     2     3    19 78.000000 378.000000 151.800000
  212     2     3    20 81.000000 385.500000 150.600000
  213     2     3    21 78.000000 378.000000 151.800000
  214     2     3    22 82.500000 389.250000 150.000000
  215     2     3    23 81.000000 385.500000 150.600000
  216     2     3    24 81.000000 385.500000 150.600000
  217     2     3    25 78.000000 378.000000 151.800000
  218     2     3    26 76.500000 374.250000 152.400000
  219     2     3    27 81.000000 385.500000 150.600000
  220     2     3    28 78.000000 378.000000 151.800000
  221     2     3    29 81.000000 385.500000 150.600000
  222     2     3    30 79.500000 381.750000 151.200000
  223     2     3    31 79.500000 381.750000 151.200000
  224     2     3    32 76.500000 374.250000 152.400000
  225     2     4     1 79.500000 384.750000 154.200000
  226     2     4     2 84.000000 396.000000 152.400000
  227     2     4     3 84.000000 396.000000 152.400000
  228     2     4     4 82.500000 392.250000 153.000000
  229     2     4     5 79.500000 384.750000 154.200000
  230     2     4     6 79.500000 384.750000 154.200000
  231     2     4     7 82.500000 392.250000 153.000000
  232     2     4     8 79.500000 384.750000 154.200000
  233     2     4     9 78.000000 381.000000 154.800000
  234     2     4    10 81.000000 388.500000 153.600000
  235     2     4    11 81.000000 388.500000 153.600000
  236     2     4    12 84.000000 396.000000 152.400000
  237     2     4    13 81.000000 388.500000 153.600000
  238     2     4    14 81.000000 388.500000 153.600000
  239     2     4    15 79.500000 384.750000 154.200000
  240     2     4    16 82.500000 392.250000 153.000000
  241     2     4    17 79.500000 384.750000 154.200000
  242     2     4    18 84.000000 396.000000 152.400000
  243     2     4    19 78.000000 381.000000 154.800000
  244     2     4    20 79.500000 384.750000 154.200000
  245     2     4    21 84.000000 396.000000 152.400000
  246     2     4    22 84.000000 396.000000 152.400000
  247     2     4    23 79.500000 384.750000 154.200000
  248     2     4    24 76.500000 377.250000 155.400000
  249     2     4    25 81.000000 388.500000 153.600000
  250     2     4    26 79.500000 384.750000 154.200000
  251     2     4    27 79.500000 384.750000 154.200000
  252     2     4    28 81.000000 388.500000 153.600000
  253     2     4    29 79.500000 384.750000 154.200000
  254     2     4    30 79.500000 384.750000 154.200000
  255     2     4    31 81.000000 388.500000 153.600000
  256     2     4    32 79.500000 384.750000 154.200000
  257     3     1     1 79.500000 384.750000 154.200000
  258     3     1     2 81.000000 388.500000 153.600000
  259     3     1     3 82.500000 392.250000 153.000000
  260     3     1     4 82.500000 392.250000 153.000000
  261     3     1     5 75.000000 373.500000 156.000000
  262     3     1     6 82.500000 392.250000 153.000000
  263     3     1     7 79.500000 384.750000 154.200000
  264     3     1     8 76.500000 377.250000 155.400000
  265     3     1     9 82.500000 392.250000 153.000000
  266     3     1    10 82.500000 392.250000 153.000000
  267     3     1    11 78.000000 381.000000 154.800000
  268     3     1    12 79.500000 384.750000 154.200000
  269     3     1    13 82.500000 392.250000 153.000000
  270     3     1    14 82.500000 392.250000 153.000000
  271     3     1    15 79.500000 384.750000 154.200000
  272     3     1    16 78.000000 381.000000 154.800000
  273     3     1    17 79.500000 384.750000 154.200000
  274     3     1    18 75.000000 373.500000 156.000000
  275     3     1    19 76.500000 377.250000 155.400000
  276     3     1    20 79.500000 384.750000 154.200000
  277     3     1    21 79.500000 384.750000 154.200000
  278     3     1    22 81.000000 388.500000 153.600000
  279     3     1    23 79.500000 384.750000 154.200000
  280     3     1    24 79.500000 384.750000 154.200000
  281     3     1    25 79.500000 384.750000 154.200000
  282     3     1    26 76.500000 377.250000 155.400000
  283     3     1    27 84.000000 396.000000 152.400000
  284     3     1    28 76.500000 377.250000 155.400000
  285     3     1    29 79.500000 384.750000 154.200000
  286     3     1    30 78.000000 381.000000 154.800000
  287     3     1    31 78.000000 381.000000 154.800000
  288     3     1    32 79.500000 384.750000 154.200000
  289     3     2     1 78.000000 381.000000 154.800000
  290     3     2     2 88.500000 407.250000 150.600000
  291     3     2     3 84.000000 396.000000 152.400000
  292     3     2     4 81.000000 388.500000 153.600000
  293     3     2     5 87.000000 403.500000 151.200000
  294     3     2     6 84.000000 396.000000 152.400000
  295     3     2     7 81.000000 388.500000 153.600000
  296     3     2     8 85.500000 399.750000 151.800000
  297     3     2     9 87.000000 403.500000 151.200000
  298     3     2    10 79.500000 384.750000 154.200000
  299     3     2    11 82.500000 392.250000 153.000000
  300     3     2    12 79.500000 384.750000 154.200000
  301     3     2    13 81.000000 388.500000 153.600000
  302     3     2    14 90.000000 411.000000 150.000000
  303     3     2    15 79.500000 384.750000 154.200000
  304     3     2    16 84.000000 396.000000 152.400000
  305     3     2    17 82.500000 392.250000 153.000000
  306     3     2    18 78.000000 381.000000 154.800000
  307     3     2    19 79.500000 384.750000 154.200000
  308     3     2    20 84.000000 396.000000 152.400000
  309     3     2    21 76.500000 377.250000 155.400000
  310     3     2    22 78.000000 381.000000 154.800000
  311     3     2    23 120.000000 486.000000 138.000000
  312     3     2    24 79.500000 384.750000 154.200000
  313     3     2    25 79.500000 384.750000 154.200000
  314     3     2    26 78.000000 381.000000 154.800000
  315     3     2    27 81.000000 388.500000 153.600000
  316     3     2    28 82.500000 392.250000 153.000000
  317     3     2    29 76.500000 377.250000 155.400000
  318     3     2    30 79.500000 384.750000 154.200000
  319     3     2    31 79.500000 384.750000 154.200000
  320     3     2    32 84.000000 396.000000 152.400000
  321     3     3     1 81.000000 390.000000 155.100000
  322     3     3     2 79.500000 386.250000 155.700000
  323     3     3     3 82.500000 393.750000 154.500000
  324     3     3     4 82.500000 393.750000 154.500000
  325     3     3     5 79.500000 386.250000 155.700000
  326     3     3     6 84.000000 397.500000 153.900000
  327     3     3     7 85.500000 401.250000 153.300000
  328     3     3     8 82.500000 393.750000 154.500000
  329     3     3     9 81.000000 390.000000 155.100000
  330     3     3    10 82.500000 393.750000 154.500000
  331     3     3    11 82.500000 393.750000 154.500000
  332     3     3    12 87.000000 405.000000 152.700000
  333     3     3    13 84.000000 397.500000 153.900000
  334     3     3    14 85.500000 401.250000 153.300000
  335     3     3    15 82.500000 393.750000 154.500000
  336     3     3    16 85.500000 402.750000 154.800000
  337     3     3    17 79.500000 386.250000 155.700000
  338     3     3    18 87.000000 405.000000 152.700000
  339     3     3    19 82.500000 393.750000 154.500000
  340     3     3    20 85.500000 401.250000 153.300000
  341     3     3    21 82.500000 393.750000 154.500000
  342     3     3    22 82.500000 393.750000 154.500000
  343     3     3    23 81.000000 390.000000 155.100000
  344     3     3    24 85.500000 401.250000 153.300000
  345     3     3    25 90.000000 412.500000 151.500000
  346     3     3    26 81.000000 390.000000 155.100000
  347     3     3    27 82.500000 393.750000 154.500000
  348     3     3    28 87.000000 405.000000 152.700000
  349     3     3    29 85.500000 401.250000 153.300000
  350     3     3    30 87.000000 405.000000 152.700000
  351     3     3    31 82.500000 393.750000 154.500000
  352     3     3    32 85.500000 401.250000 153.300000
  353     3     4     1 79.500000 383.250000 152.700000
  354     3     4     2 82.500000 392.250000 153.000000
  355     3     4     3 82.500000 392.250000 153.000000
  356     3     4     4 82.500000 390.750000 151.500000
  357     3     4     5 82.500000 389.250000 150.000000
  358     3     4     6 79.500000 381.750000 151.200000
  359     3     4     7 81.000000 385.500000 150.600000
  360     3     4     8 79.500000 383.250000 152.700000
  361     3     4     9 81.000000 385.500000 150.600000
  362     3     4    10 84.000000 393.000000 149.400000
  363     3     4    11 79.500000 383.250000 152.700000
  364     3     4    12 82.500000 390.750000 151.500000
  365     3     4    13 85.500000 398.250000 150.300000
  366     3     4    14 81.000000 388.500000 153.600000
  367     3     4    15 84.000000 393.000000 149.400000
  368     3     4    16 82.500000 390.750000 151.500000
  369     3     4    17 82.500000 389.250000 150.000000
  370     3     4    18 82.500000 392.250000 153.000000
  371     3     4    19 78.000000 378.000000 151.800000
  372     3     4    20 84.000000 394.500000 150.900000
  373     3     4    21 78.000000 379.500000 153.300000
  374     3     4    22 79.500000 383.250000 152.700000
  375     3     4    23 87.000000 400.500000 148.200000
  376     3     4    24 84.000000 393.000000 149.400000
  377     3     4    25 79.500000 383.250000 152.700000
  378     3     4    26 79.500000 383.250000 152.700000
  379     3     4    27 81.000000 385.500000 150.600000
  380     3     4    28 78.000000 378.000000 151.800000
  381     3     4    29 121.500000 527.250000 174.900000
  382     3     4    30 84.000000 393.000000 149.400000
  383     3     4    31 84.000000 394.500000 150.900000
  384     3     4    32 79.500000 383.250000 152.700000
  385     4     1     1 81.000000 384.000000 149.100000
  386     4     1     2 76.500000 372.750000 150.900000
  387     4     1     3 79.500000 380.250000 149.700000
  388     4     1     4 79.500000 380.250000 149.700000
  389     4     1     5 82.500000 387.750000 148.500000
  390     4     1     6 82.500000 387.750000 148.500000
  391     4     1     7 79.500000 380.250000 149.700000
  392     4     1     8 78.000000 376.500000 150.300000
  393     4     1     9 79.500000 380.250000 149.700000
  394     4     1    10 82.500000 387.750000 148.500000
  395     4     1    11 79.500000 380.250000 149.700000
  396     4     1    12 84.000000 391.500000 147.900000
  397     4     1    13 79.500000 380.250000 149.700000
  398     4     1    14 78.000000 376.500000 150.300000
  399     4     1    15 82.500000 387.750000 148.500000
  400     4     1    16 79.500000 380.250000 149.700000
  401     4     1    17 78.000000 376.500000 150.300000
  402     4     1    18 79.500000 380.250000 149.700000
  403     4     1    19 81.000000 384.000000 149.100000
  404     4     1    20 82.500000 387.750000 148.500000
  405     4     1    21 78.000000 376.500000 150.300000
  406     4     1    22 78.000000 376.500000 150.300000
  407     4     1    23 76.500000 372.750000 150.900000
  408     4     1    24 81.000000 384.000000 149.100000
  409     4     1    25 82.500000 387.750000 148.500000
  410     4     1    26 82.500000 387.750000 148.500000
  411     4     1    27 79.500000 380.250000 149.700000
  412     4     1    28 79.500000 380.250000 149.700000
  413     4     1    29 78.000000 376.500000 150.300000
  414     4     1    30 85.500000 395.250000 147.300000
  415     4     1    31 82.500000 387.750000 148.500000
  416     4     1    32 79.500000 380.250000 149.700000
  417     4     2     1 75.000000 369.000000 151.500000
  418     4     2     2 88.500000 402.750000 146.100000
  419     4     2     3 81.000000 384.000000 149.100000
  420     4     2     4 85.500000 395.250000 147.300000
  421     4     2     5 85.500000 395.250000 147.300000
  422     4     2     6 91.500000 410.250000 144.900000
  423     4     2     7 85.500000 395.250000 147.300000
  424     4     2     8 87.000000 399.000000 146.700000
  425     4     2     9 78.000000 376.500000 150.300000
  426     4     2    10 84.000000 391.500000 147.900000
  427     4     2    11 85.500000 395.250000 147.300000
  428     4     2    12 82.500000 387.750000 148.500000
  429     4     2    13 85.500000 395.250000 147.300000
  430     4     2    14 82.500000 387.750000 148.500000
  431     4     2    15 79.500000 380.250000 149.700000
  432     4     2    16 79.500000 380.250000 149.700000
  433     4     2    17 78.000000 376.500000 150.300000
  434     4     2    18 88.500000 402.750000 146.100000
  435     4     2    19 82.500000 387.750000 148.500000
  436     4     2    20 81.000000 384.000000 149.100000
  437     4     2    21 84.000000 391.500000 147.900000
  438     4     2    22 84.000000 391.500000 147.900000
  439     4     2    23 79.500000 380.250000 149.700000
  440     4     2    24 84.000000 391.500000 147.900000
  441     4     2    25 87.000000 399.000000 146.700000
  442     4     2    26 82.500000 387.750000 148.500000
  443     4     2    27 76.500000 372.750000 150.900000
  444     4     2    28 78.000000 376.500000 150.300000
  445     4     2    29 81.000000 384.000000 149.100000
  446     4     2    30 76.500000 372.750000 150.900000
  447     4     2    31 79.500000 380.250000 149.700000
  448     4     2    32 78.000000 376.500000 150.300000
  449     4     3     1 81.000000 382.500000 147.600000
  450     4     3     2 76.500000 371.250000 149.400000
  451     4     3     3 76.500000 371.250000 149.400000
  452     4     3     4 78.000000 375.000000 148.800000
  453     4     3     5 79.500000 378.750000 148.200000
  454     4     3     6 79.500000 378.750000 148.200000
  455     4     3     7 79.500000 378.750000 148.200000
  456     4     3     8 78.000000 375.000000 148.800000
  457     4     3     9 79.500000 378.750000 148.200000
  458     4     3    10 81.000000 382.500000 147.600000
  459     4     3    11 81.000000 382.500000 147.600000
  460     4     3    12 76.500000 371.250000 149.400000
  461     4     3    13 81.000000 382.500000 147.600000
  462     4     3    14 81.000000 382.500000 147.600000
  463     4     3    15 76.500000 371.250000 149.400000
  464     4     3    16 81.000000 382.500000 147.600000
  465     4     3    17 81.000000 382.500000 147.600000
  466     4     3    18 76.500000 371.250000 149.400000
  467     4     3    19 76.500000 371.250000 149.400000
  468     4     3    20 78.000000 375.000000 148.800000
  469     4     3    21 76.500000 371.250000 149.400000
  470     4     3    22 75.000000 367.500000 150.000000
  471     4     3    23 81.000000 382.500000 147.600000
  472     4     3    24 78.000000 375.000000 148.800000
  473     4     3    25 76.500000 371.250000 149.400000
  474     4     3    26 78.000000 375.000000 148.800000
  475     4     3    27 78.000000 375.000000 148.800000
  476     4     3    28 78.000000 375.000000 148.800000
  477     4     3    29 78.000000 375.000000 148.800000
  478     4     3    30 78.000000 375.000000 148.800000
  479     4     3    31 79.500000 378.750000 148.200000
  480     4     3    32 76.500000 371.250000 149.400000
  481     4     4     1 78.000000 378.000000 151.800000
  482     4     4     2 81.000000 385.500000 150.600000
  483     4     4     3 85.500000 396.750000 148.800000
  484     4     4     4 79.500000 381.750000 151.200000
  485     4     4     5 79.500000 381.750000 151.200000
  486     4     4     6 78.000000 376.500000 150.300000
  487     4     4     7 78.000000 378.000000 151.800000
  488     4     4     8 79.500000 381.750000 151.200000
  489     4     4     9 81.000000 385.500000 150.600000
  490     4     4    10 78.000000 378.000000 151.800000
  491     4     4    11 79.500000 381.750000 151.200000
  492     4     4    12 87.000000 399.000000 146.700000
  493     4     4    13 79.500000 381.750000 151.200000
  494     4     4    14 81.000000 385.500000 150.600000
  495     4     4    15 78.000000 378.000000 151.800000
  496     4     4    16 79.500000 381.750000 151.200000
  497     4     4    17 76.500000 374.250000 152.400000
  498     4     4    18 78.000000 378.000000 151.800000
  499     4     4    19 79.500000 381.750000 151.200000
  500     4     4    20 75.000000 370.500000 153.000000
  501     4     4    21 81.000000 384.000000 149.100000
  502     4     4    22 82.500000 389.250000 150.000000
  503     4     4    23 79.500000 381.750000 151.200000
  504     4     4    24 75.000000 370.500000 153.000000
  505     4     4    25 78.000000 376.500000 150.300000
  506     4     4    26 79.500000 381.750000 151.200000
  507     4     4    27 79.500000 380.250000 149.700000
  508     4     4    28 84.000000 391.500000 147.900000
  509     4     4    29 79.500000 381.750000 151.200000
  510     4     4    30 81.000000 385.500000 150.600000
  511     4     4    31 81.000000 385.500000 150.600000
  512     4     4    32 78.000000 378.000000 151.800000
  513     5     1     1 84.000000 393.000000 149.400000
  514     5     1     2 79.500000 381.750000 151.200000
  515     5     1     3 90.000000 408.000000 147.000000
  516     5     1     4 75.000000 370.500000 153.000000
  517     5     1     5 84.000000 393.000000 149.400000
  518     5     1     6 84.000000 393.000000 149.400000
  519     5     1     7 79.500000 381.750000 151.200000
  520     5     1     8 82.500000 389.250000 150.000000
  521     5     1     9 87.000000 400.500000 148.200000
  522     5     1    10 76.500000 374.250000 152.400000
  523     5     1    11 85.500000 396.750000 148.800000
  524     5     1    12 84.000000 393.000000 149.400000
  525     5     1    13 82.500000 389.250000 150.000000
  526     5     1    14 82.500000 389.250000 150.000000
  527     5     1    15 82.500000 389.250000 150.000000
  528     5     1    16 84.000000 393.000000 149.400000
  529     5     1    17 84.000000 393.000000 149.400000
  530     5     1    18 82.500000 389.250000 150.000000
  531     5     1    19 84.000000 393.000000 149.400000
  532     5     1    20 88.500000 404.250000 147.600000
  533     5     1    21 82.500000 389.250000 150.000000
  534     5     1    22 84.000000 393.000000 149.400000
  535     5     1    23 87.000000 400.500000 148.200000
  536     5     1    24 79.500000 381.750000 151.200000
  537     5     1    25 82.500000 389.250000 150.000000
  538     5     1    26 82.500000 389.250000 150.000000
  539     5     1    27 87.000000 400.500000 148.200000
  540     5     1    28 81.000000 385.500000 150.600000
  541     5     1    29 82.500000 389.250000 150.000000
  542     5     1    30 82.500000 389.250000 150.000000
  543     5     1    31 82.500000 389.250000 150.000000
  544     5     1    32 78.000000 378.000000 151.800000
  545     5     2     1 75.000000 370.500000 153.000000
  546     5     2     2 82.500000 389.250000 150.000000
  547     5     2     3 79.500000 381.750000 151.200000
  548     5     2     4 81.000000 385.500000 150.600000
  549     5     2     5 81.000000 385.500000 150.600000
  550     5     2     6 79.500000 381.750000 151.200000
  551     5     2     7 79.500000 381.750000 151.200000
  552     5     2     8 76.500000 374.250000 152.400000
  553     5     2     9 82.500000 389.250000 150.000000
  554     5     2    10 81.000000 385.500000 150.600000
  555     5     2    11 78.000000 378.000000 151.800000
  556     5     2    12 82.500000 389.250000 150.000000
  557     5     2    13 79.500000 381.750000 151.200000
  558     5     2    14 84.000000 393.000000 149.400000
  559     5     2    15 85.500000 396.750000 148.800000
  560     5     2    16 85.500000 396.750000 148.800000
  561     5     2    17 78.000000 378.000000 151.800000
  562     5     2    18 81.000000 385.500000 150.600000
  563     5     2    19 78.000000 378.000000 151.800000
  564     5     2    20 81.000000 385.500000 150.600000
  565     5     2    21 75.000000 370.500000 153.000000
  566     5     2    22 75.000000 370.500000 153.000000
  567     5     2    23 78.000000 378.000000 151.800000
  568     5     2    24 81.000000 385.500000 150.600000
  569     5     2    25 75.000000 370.500000 153.000000
  570     5     2    26 81.000000 385.500000 150.600000
  571     5     2    27 76.500000 374.250000 152.400000
  572     5     2    28 82.500000 389.250000 150.000000
  573     5     2    29 84.000000 393.000000 149.400000
  574     5     2    30 82.500000 389.250000 150.000000
  575     5     2    31 85.500000 396.750000 148.800000
  576     5     2    32 85.500000 396.750000 148.800000
  577     5     3     1 85.500000 393.750000 145.800000
  578     5     3     2 81.000000 384.000000 149.100000
  579     5     3     3 82.500000 386.250000 147.000000
  580     5     3     4 82.500000 386.250000 147.000000
  581     5     3     5 84.000000 390.000000 146.400000
  582     5     3     6 84.000000 390.000000 146.400000
  583     5     3     7 82.500000 387.750000 148.500000
  584     5     3     8 82.500000 386.250000 147.000000
  585     5     3     9 85.500000 393.750000 145.800000
  586     5     3    10 84.000000 390.000000 146.400000
  587     5     3    11 85.500000 393.750000 145.800000
  588     5     3    12 84.000000 390.000000 146.400000
  589     5     3    13 84.000000 390.000000 146.400000
  590     5     3    14 79.500000 378.750000 148.200000
  591     5     3    15 85.500000 393.750000 145.800000
  592     5     3    16 79.500000 378.750000 148.200000
  593     5     3    17 82.500000 386.250000 147.000000
  594     5     3    18 82.500000 386.250000 147.000000
  595     5     3    19 82.500000 386.250000 147.000000
  596     5     3    20 82.500000 386.250000 147.000000
  597     5     3    21 79.500000 378.750000 148.200000
  598     5     3    22 84.000000 390.000000 146.400000
  599     5     3    23 85.500000 393.750000 145.800000
  600     5     3    24 82.500000 386.250000 147.000000
  601     5     3    25 82.500000 387.750000 148.500000
  602     5     3    26 78.000000 375.000000 148.800000
  603     5     3    27 82.500000 386.250000 147.000000
  604     5     3    28 85.500000 393.750000 145.800000
  605     5     3    29 82.500000 386.250000 147.000000
  606     5     3    30 82.500000 386.250000 147.000000
  607     5     3    31 84.000000 390.000000 146.400000
  608     5     3    32 81.000000 382.500000 147.600000
  609     5     4     1 84.000000 394.500000 150.900000
  610     5     4     2 84.000000 396.000000 152.400000
  611     5     4     3 81.000000 387.000000 152.100000
  612     5     4     4 87.000000 402.000000 149.700000
  613     5     4     5 85.500000 398.250000 150.300000
  614     5     4     6 84.000000 394.500000 150.900000
  615     5     4     7 82.500000 392.250000 153.000000
  616     5     4     8 81.000000 387.000000 152.100000
  617     5     4     9 85.500000 398.250000 150.300000
  618     5     4    10 85.500000 398.250000 150.300000
  619     5     4    11 82.500000 392.250000 153.000000
  620     5     4    12 87.000000 403.500000 151.200000
  621     5     4    13 85.500000 398.250000 150.300000
  622     5     4    14 82.500000 390.750000 151.500000
  623     5     4    15 81.000000 387.000000 152.100000
  624     5     4    16 82.500000 392.250000 153.000000
  625     5     4    17 81.000000 387.000000 152.100000
  626     5     4    18 82.500000 392.250000 153.000000
  627     5     4    19 79.500000 383.250000 152.700000
  628     5     4    20 82.500000 392.250000 153.000000
  629     5     4    21 81.000000 387.000000 152.100000
  630     5     4    22 81.000000 387.000000 152.100000
  631     5     4    23 82.500000 390.750000 151.500000
  632     5     4    24 82.500000 390.750000 151.500000
  633     5     4    25 81.000000 387.000000 152.100000
  634     5     4    26 84.000000 394.500000 150.900000
  635     5     4    27 84.000000 394.500000 150.900000
  636     5     4    28 81.000000 387.000000 152.100000
  637     5     4    29 84.000000 396.000000 152.400000
  638     5     4    30 81.000000 387.000000 152.100000
  639     5     4    31 78.000000 379.500000 153.300000
  640     5     4    32 82.500000 392.250000 153.000000
  641     6     1     1 76.500000 362.250000 140.400000
  642     6     1     2 85.800000 380.700000 131.880000
  643     6     1     3 87.300000 384.450000 131.280000
  644     6     1     4 86.250000 384.375000 134.250000
  645     6     1     5 87.300000 384.450000 131.280000
  646     6     1     6 90.000000 391.500000 130.500000
  647     6     1     7 88.800000 388.200000 130.680000
  648     6     1     8 84.000000 376.500000 132.900000
  649     6     1     9 88.500000 387.750000 131.100000
  650     6     1    10 87.000000 385.500000 133.200000
  651     6     1    11 84.000000 376.500000 132.900000
  652     6     1    12 88.500000 387.750000 131.100000
  653     6     1    13 91.500000 395.250000 129.900000
  654     6     1    14 85.800000 380.700000 131.880000
  655     6     1    15 91.500000 395.250000 129.900000
  656     6     1    16 84.000000 376.500000 132.900000
  657     6     1    17 84.000000 376.500000 132.900000
  658     6     1    18 88.500000 387.750000 131.100000
  659     6     1    19 87.300000 384.450000 131.280000
  660     6     1    20 87.000000 384.000000 131.700000
  661     6     1    21 88.500000 387.750000 131.100000
  662     6     1    22 84.000000 376.500000 132.900000
  663     6     1    23 84.000000 376.500000 132.900000
  664     6     1    24 88.500000 387.750000 131.100000
  665     6     1    25 84.000000 378.000000 134.400000
  666     6     1    26 91.500000 395.250000 129.900000
  667     6     1    27 85.500000 380.250000 132.300000
  668     6     1    28 84.000000 376.500000 132.900000
  669     6     1    29 84.000000 376.500000 132.900000
  670     6     1    30 126.000000 483.000000 117.600000
  671     6     1    31 88.500000 387.750000 131.100000
  672     6     1    32 82.800000 373.200000 133.080000
  673     6     2     1 82.500000 383.250000 144.000000
  674     6     2     2 79.500000 375.750000 145.200000
  675     6     2     3 82.500000 383.250000 144.000000
  676     6     2     4 82.500000 383.250000 144.000000
  677     6     2     5 90.000000 402.000000 141.000000
  678     6     2     6 84.000000 387.000000 143.400000
  679     6     2     7 84.000000 387.000000 143.400000
  680     6     2     8 85.500000 390.750000 142.800000
  681     6     2     9 84.000000 387.000000 143.400000
  682     6     2    10 84.000000 387.000000 143.400000
  683     6     2    11 90.000000 402.000000 141.000000
  684     6     2    12 82.500000 383.250000 144.000000
  685     6     2    13 85.500000 390.750000 142.800000
  686     6     2    14 85.500000 390.750000 142.800000
  687     6     2    15 85.500000 390.750000 142.800000
  688     6     2    16 84.000000 387.000000 143.400000
  689     6     2    17 87.000000 394.500000 142.200000
  690     6     2    18 82.500000 383.250000 144.000000
  691     6     2    19 84.000000 387.000000 143.400000
  692     6     2    20 84.000000 387.000000 143.400000
  693     6     2    21 81.000000 379.500000 144.600000
  694     6     2    22 84.000000 387.000000 143.400000
  695     6     2    23 85.500000 390.750000 142.800000
  696     6     2    24 81.000000 379.500000 144.600000
  697     6     2    25 85.500000 390.750000 142.800000
  698     6     2    26 85.500000 390.750000 142.800000
  699     6     2    27 78.000000 372.000000 145.800000
  700     6     2    28 78.000000 372.000000 145.800000
  701     6     2    29 85.500000 390.750000 142.800000
  702     6     2    30 82.500000 383.250000 144.000000
  703     6     2    31 82.500000 383.250000 144.000000
  704     6     2    32 79.500000 375.750000 145.200000
  705     6     3     1 81.000000 382.500000 147.600000
  706     6     3     2 84.000000 390.000000 146.400000
  707     6     3     3 78.000000 376.500000 150.300000
  708     6     3     4 84.000000 390.000000 146.400000
  709     6     3     5 82.500000 386.250000 147.000000
  710     6     3     6 75.000000 367.500000 150.000000
  711     6     3     7 84.000000 390.000000 146.400000
  712     6     3     8 79.500000 378.750000 148.200000
  713     6     3     9 81.000000 382.500000 147.600000
  714     6     3    10 82.500000 387.750000 148.500000
  715     6     3    11 81.000000 382.500000 147.600000
  716     6     3    12 82.500000 387.750000 148.500000
  717     6     3    13 79.500000 378.750000 148.200000
  718     6     3    14 85.500000 393.750000 145.800000
  719     6     3    15 87.000000 397.500000 145.200000
  720     6     3    16 84.000000 390.000000 146.400000
  721     6     3    17 79.500000 378.750000 148.200000
  722     6     3    18 81.000000 382.500000 147.600000
  723     6     3    19 81.000000 382.500000 147.600000
  724     6     3    20 84.000000 391.500000 147.900000
  725     6     3    21 81.000000 382.500000 147.600000
  726     6     3    22 76.500000 372.750000 150.900000
  727     6     3    23 82.500000 387.750000 148.500000
  728     6     3    24 81.000000 384.000000 149.100000
  729     6     3    25 79.500000 378.750000 148.200000
  730     6     3    26 79.500000 380.250000 149.700000
  731     6     3    27 81.000000 382.500000 147.600000
  732     6     3    28 78.000000 375.000000 148.800000
  733     6     3    29 73.500000 365.250000 152.100000
  734     6     3    30 75.000000 369.000000 151.500000
  735     6     3    31 85.500000 393.750000 145.800000
  736     6     3    32 76.500000 372.750000 150.900000
  737     6     4     1 85.500000 387.750000 139.800000
  738     6     4     2 85.500000 387.750000 139.800000
  739     6     4     3 87.000000 391.500000 139.200000
  740     6     4     4 85.500000 387.750000 139.800000
  741     6     4     5 82.500000 381.750000 142.500000
  742     6     4     6 84.000000 384.000000 140.400000
  743     6     4     7 85.500000 387.750000 139.800000
  744     6     4     8 84.000000 384.000000 140.400000
  745     6     4     9 82.500000 381.750000 142.500000
  746     6     4    10 87.000000 391.500000 139.200000
  747     6     4    11 79.500000 372.750000 142.200000
  748     6     4    12 84.000000 384.000000 140.400000
  749     6     4    13 82.500000 380.250000 141.000000
  750     6     4    14 82.500000 380.250000 141.000000
  751     6     4    15 82.500000 380.250000 141.000000
  752     6     4    16 82.500000 380.250000 141.000000
  753     6     4    17 84.000000 384.000000 140.400000
  754     6     4    18 82.500000 380.250000 141.000000
  755     6     4    19 82.500000 380.250000 141.000000
  756     6     4    20 78.000000 369.000000 142.800000
  757     6     4    21 84.000000 384.000000 140.400000
  758     6     4    22 78.000000 369.000000 142.800000
  759     6     4    23 82.500000 380.250000 141.000000
  760     6     4    24 84.000000 384.000000 140.400000
  761     6     4    25 85.500000 387.750000 139.800000
  762     6     4    26 78.000000 369.000000 142.800000
  763     6     4    27 81.000000 376.500000 141.600000
  764     6     4    28 84.000000 384.000000 140.400000
  765     6     4    29 82.500000 380.250000 141.000000
  766     6     4    30 78.000000 369.000000 142.800000
  767     6     4    31 79.500000 372.750000 142.200000
  768     6     4    32 84.000000 384.000000 140.400000
  769     7     1     1 73.500000 360.750000 147.600000
  770     7     1     2 73.500000 360.750000 147.600000
  771     7     1     3 72.000000 357.000000 148.200000
  772     7     1     4 72.000000 357.000000 148.200000
  773     7     1     5 79.500000 375.750000 145.200000
  774     7     1     6 73.500000 360.750000 147.600000
  775     7     1     7 73.500000 360.750000 147.600000
  776     7     1     8 75.000000 364.500000 147.000000
  777     7     1     9 72.000000 357.000000 148.200000
  778     7     1    10 73.500000 360.750000 147.600000
  779     7     1    11 75.000000 364.500000 147.000000
  780     7     1    12 75.000000 364.500000 147.000000
  781     7     1    13 75.000000 364.500000 147.000000
  782     7     1    14 72.000000 357.000000 148.200000
  783     7     1    15 73.500000 360.750000 147.600000
  784     7     1    16 75.000000 364.500000 147.000000
  785     7     1    17 75.000000 364.500000 147.000000
  786     7     1    18 76.500000 368.250000 146.400000
  787     7     1    19 73.500000 360.750000 147.600000
  788     7     1    20 76.500000 368.250000 146.400000
  789     7     1    21 73.500000 360.750000 147.600000
  790     7     1    22 73.500000 360.750000 147.600000
  791     7     1    23 73.500000 360.750000 147.600000
  792     7     1    24 75.000000 364.500000 147.000000
  793     7     1    25 76.500000 368.250000 146.400000
  794     7     1    26 76.500000 368.250000 146.400000
  795     7     1    27 75.000000 364.500000 147.000000
  796     7     1    28 72.000000 357.000000 148.200000
  797     7     1    29 73.500000 360.750000 147.600000
  798     7     1    30 73.500000 360.750000 147.600000
  799     7     1    31 70.500000 353.250000 148.800000
  800     7     1    32 72.000000 357.000000 148.200000
  801     7     2     1 66.000000 342.000000 150.600000
  802     7     2     2 73.500000 360.750000 147.600000
  803     7     2     3 75.000000 364.500000 147.000000
  804     7     2     4 76.500000 368.250000 146.400000
  805     7     2     5 73.500000 360.750000 147.600000
  806     7     2     6 73.500000 360.750000 147.600000
  807     7     2     7 76.500000 368.250000 146.400000
  808     7     2     8 76.500000 368.250000 146.400000
  809     7     2     9 79.500000 375.750000 145.200000
  810     7     2    10 73.500000 360.750000 147.600000
  811     7     2    11 79.500000 375.750000 145.200000
  812     7     2    12 81.000000 379.500000 144.600000
  813     7     2    13 79.500000 375.750000 145.200000
  814     7     2    14 76.500000 368.250000 146.400000
  815     7     2    15 78.000000 372.000000 145.800000
  816     7     2    16 81.000000 379.500000 144.600000
  817     7     2    17 72.000000 357.000000 148.200000
  818     7     2    18 72.000000 357.000000 148.200000
  819     7     2    19 75.000000 364.500000 147.000000
  820     7     2    20 73.500000 360.750000 147.600000
  821     7     2    21 69.000000 349.500000 149.400000
  822     7     2    22 75.000000 364.500000 147.000000
  823     7     2    23 76.500000 368.250000 146.400000
  824     7     2    24 76.500000 368.250000 146.400000
  825     7     2    25 76.500000 368.250000 146.400000
  826     7     2    26 76.500000 368.250000 146.400000
  827     7     2    27 73.500000 360.750000 147.600000
  828     7     2    28 75.000000 364.500000 147.000000
  829     7     2    29 75.000000 364.500000 147.000000
  830     7     2    30 76.500000 368.250000 146.400000
  831     7     2    31 76.500000 368.250000 146.400000
  832     7     2    32 73.500000 360.750000 147.600000
  833     7     3     1 75.000000 364.500000 147.000000
  834     7     3     2 84.000000 387.000000 143.400000
  835     7     3     3 76.500000 368.250000 146.400000
  836     7     3     4 79.500000 375.750000 145.200000
  837     7     3     5 75.000000 364.500000 147.000000
  838     7     3     6 78.000000 372.000000 145.800000
  839     7     3     7 82.500000 383.250000 144.000000
  840     7     3     8 76.500000 368.250000 146.400000
  841     7     3     9 76.500000 368.250000 146.400000
  842     7     3    10 79.500000 375.750000 145.200000
  843     7     3    11 81.000000 379.500000 144.600000
  844     7     3    12 82.500000 383.250000 144.000000
  845     7     3    13 82.500000 383.250000 144.000000
  846     7     3    14 76.500000 368.250000 146.400000
  847     7     3    15 79.500000 375.750000 145.200000
  848     7     3    16 79.500000 375.750000 145.200000
  849     7     3    17 82.500000 383.250000 144.000000
  850     7     3    18 72.000000 357.000000 148.200000
  851     7     3    19 76.500000 368.250000 146.400000
  852     7     3    20 76.500000 368.250000 146.400000
  853     7     3    21 75.000000 364.500000 147.000000
  854     7     3    22 79.500000 375.750000 145.200000
  855     7     3    23 76.500000 368.250000 146.400000
  856     7     3    24 73.500000 360.750000 147.600000
  857     7     3    25 75.000000 364.500000 147.000000
  858     7     3    26 76.500000 368.250000 146.400000
  859     7     3    27 75.000000 364.500000 147.000000
  860     7     3    28 72.000000 357.000000 148.200000
  861     7     3    29 79.500000 375.750000 145.200000
  862     7     3    30 73.500000 360.750000 147.600000
  863     7     3    31 75.000000 364.500000 147.000000
  864     7     3    32 76.500000 368.250000 146.400000
  865     7     4     1 84.000000 387.000000 143.400000
  866     7     4     2 81.000000 379.500000 144.600000
  867     7     4     3 81.000000 379.500000 144.600000
  868     7     4     4 82.500000 383.250000 144.000000
  869     7     4     5 85.500000 390.750000 142.800000
  870     7     4     6 79.500000 375.750000 145.200000
  871     7     4     7 79.500000 375.750000 145.200000
  872     7     4     8 82.500000 383.250000 144.000000
  873     7     4     9 79.500000 375.750000 145.200000
  874     7     4    10 78.000000 372.000000 145.800000
  875     7     4    11 84.000000 387.000000 143.400000
  876     7     4    12 79.500000 375.750000 145.200000
  877     7     4    13 79.500000 375.750000 145.200000
  878     7     4    14 81.000000 379.500000 144.600000
  879     7     4    15 78.000000 372.000000 145.800000
  880     7     4    16 79.500000 375.750000 145.200000
  881     7     4    17 85.500000 390.750000 142.800000
  882     7     4    18 76.500000 368.250000 146.400000
  883     7     4    19 79.500000 375.750000 145.200000
  884     7     4    20 78.000000 372.000000 145.800000
  885     7     4    21 79.500000 375.750000 145.200000
  886     7     4    22 82.500000 383.250000 144.000000
  887     7     4    23 76.500000 368.250000 146.400000
  888     7     4    24 78.000000 372.000000 145.800000
  889     7     4    25 75.000000 364.500000 147.000000
  890     7     4    26 75.000000 364.500000 147.000000
  891     7     4    27 76.500000 368.250000 146.400000
  892     7     4    28 84.000000 387.000000 143.400000
  893     7     4    29 82.500000 383.250000 144.000000
  894     7     4    30 76.500000 368.250000 146.400000
  895     7     4    31 76.500000 368.250000 146.400000
  896     7     4    32 78.000000 372.000000 145.800000
  897     8     1     1 81.000000 384.000000 149.100000
  898     8     1     2 79.500000 380.250000 149.700000
  899     8     1     3 87.000000 399.000000 146.700000
  900     8     1     4 82.500000 386.250000 147.000000
  901     8     1     5 79.500000 380.250000 149.700000
  902     8     1     6 82.500000 386.250000 147.000000
  903     8     1     7 82.500000 387.750000 148.500000
  904     8     1     8 81.000000 382.500000 147.600000
  905     8     1     9 84.000000 391.500000 147.900000
  906     8     1    10 84.000000 390.000000 146.400000
  907     8     1    11 79.500000 380.250000 149.700000
  908     8     1    12 82.500000 386.250000 147.000000
  909     8     1    13 84.000000 391.500000 147.900000
  910     8     1    14 87.000000 399.000000 146.700000
  911     8     1    15 84.000000 391.500000 147.900000
  912     8     1    16 84.000000 390.000000 146.400000
  913     8     1    17 109.500000 455.250000 137.700000
  914     8     1    18 81.000000 384.000000 149.100000
  915     8     1    19 87.000000 399.000000 146.700000
  916     8     1    20 81.000000 385.500000 150.600000
  917     8     1    21 82.500000 386.250000 147.000000
  918     8     1    22 79.500000 380.250000 149.700000
  919     8     1    23 84.000000 390.000000 146.400000
  920     8     1    24 81.000000 384.000000 149.100000
  921     8     1    25 81.000000 384.000000 149.100000
  922     8     1    26 78.000000 376.500000 150.300000
  923     8     1    27 79.500000 378.750000 148.200000
  924     8     1    28 81.000000 384.000000 149.100000
  925     8     1    29 84.000000 390.000000 146.400000
  926     8     1    30 82.500000 387.750000 148.500000
  927     8     1    31 82.500000 387.750000 148.500000
  928     8     1    32 85.500000 395.250000 147.300000
  929     8     2     1 76.500000 377.250000 155.400000
  930     8     2     2 84.000000 396.000000 152.400000
  931     8     2     3 85.500000 399.750000 151.800000
  932     8     2     4 81.000000 388.500000 153.600000
  933     8     2     5 81.000000 388.500000 153.600000
  934     8     2     6 82.500000 392.250000 153.000000
  935     8     2     7 81.000000 388.500000 153.600000
  936     8     2     8 84.000000 396.000000 152.400000
  937     8     2     9 82.500000 392.250000 153.000000
  938     8     2    10 81.000000 388.500000 153.600000
  939     8     2    11 87.000000 403.500000 151.200000
  940     8     2    12 78.000000 381.000000 154.800000
  941     8     2    13 79.500000 384.750000 154.200000
  942     8     2    14 81.000000 388.500000 153.600000
  943     8     2    15 82.500000 392.250000 153.000000
  944     8     2    16 82.500000 392.250000 153.000000
  945     8     2    17 81.000000 388.500000 153.600000
  946     8     2    18 81.000000 388.500000 153.600000
  947     8     2    19 76.500000 377.250000 155.400000
  948     8     2    20 82.500000 392.250000 153.000000
  949     8     2    21 79.500000 384.750000 154.200000
  950     8     2    22 84.000000 396.000000 152.400000
  951     8     2    23 84.000000 396.000000 152.400000
  952     8     2    24 79.500000 384.750000 154.200000
  953     8     2    25 81.000000 388.500000 153.600000
  954     8     2    26 79.500000 384.750000 154.200000
  955     8     2    27 81.000000 388.500000 153.600000
  956     8     2    28 81.000000 388.500000 153.600000
  957     8     2    29 126.000000 501.000000 135.600000
  958     8     2    30 79.500000 384.750000 154.200000
  959     8     2    31 78.000000 381.000000 154.800000
  960     8     2    32 79.500000 384.750000 154.200000
  961     8     3     1 88.500000 401.250000 144.600000
  962     8     3     2 90.000000 405.000000 144.000000
  963     8     3     3 90.000000 405.000000 144.000000
  964     8     3     4 87.000000 397.500000 145.200000
  965     8     3     5 90.000000 405.000000 144.000000
  966     8     3     6 88.500000 401.250000 144.600000
  967     8     3     7 84.000000 390.000000 146.400000
  968     8     3     8 87.000000 397.500000 145.200000
  969     8     3     9 88.500000 401.250000 144.600000
  970     8     3    10 90.000000 406.500000 145.500000
  971     8     3    11 90.000000 405.000000 144.000000
  972     8     3    12 90.000000 405.000000 144.000000
  973     8     3    13 93.000000 412.500000 142.800000
  974     8     3    14 87.000000 397.500000 145.200000
  975     8     3    15 87.000000 397.500000 145.200000
  976     8     3    16 85.500000 395.250000 147.300000
  977     8     3    17 87.000000 397.500000 145.200000
  978     8     3    18 88.500000 401.250000 144.600000
  979     8     3    19 85.500000 393.750000 145.800000
  980     8     3    20 82.500000 386.250000 147.000000
  981     8     3    21 85.500000 393.750000 145.800000
  982     8     3    22 88.500000 401.250000 144.600000
  983     8     3    23 87.000000 397.500000 145.200000
  984     8     3    24 91.500000 408.750000 143.400000
  985     8     3    25 85.500000 393.750000 145.800000
  986     8     3    26 88.500000 401.250000 144.600000
  987     8     3    27 82.500000 386.250000 147.000000
  988     8     3    28 87.000000 397.500000 145.200000
  989     8     3    29 88.500000 401.250000 144.600000
  990     8     3    30 82.500000 386.250000 147.000000
  991     8     3    31 85.500000 393.750000 145.800000
  992     8     3    32 82.500000 386.250000 147.000000
  993     8     4     1 87.000000 397.500000 145.200000
  994     8     4     2 87.000000 397.500000 145.200000
  995     8     4     3 87.000000 397.500000 145.200000
  996     8     4     4 87.000000 397.500000 145.200000
  997     8     4     5 82.500000 386.250000 147.000000
  998     8     4     6 85.500000 393.750000 145.800000
  999     8     4     7 87.000000 397.500000 145.200000
 1000     8     4     8 85.500000 393.750000 145.800000
 1001     8     4     9 87.000000 397.500000 145.200000
 1002     8     4    10 84.000000 390.000000 146.400000
 1003     8     4    11 84.000000 390.000000 146.400000
 1004     8     4    12 85.500000 393.750000 145.800000
 1005     8     4    13 85.500000 393.750000 145.800000
 1006     8     4    14 82.500000 386.250000 147.000000
 1007     8     4    15 84.000000 390.000000 146.400000
 1008     8     4    16 84.000000 390.000000 146.400000
 1009     8     4    17 84.000000 390.000000 146.400000
 1010     8     4    18 82.500000 386.250000 147.000000
 1011     8     4    19 84.000000 390.000000 146.400000
 1012     8     4    20 85.500000 393.750000 145.800000
 1013     8     4    21 87.000000 397.500000 145.200000
 1014     8     4    22 81.000000 382.500000 147.600000
 1015     8     4    23 84.000000 390.000000 146.400000
 1016     8     4    24 82.500000 386.250000 147.000000
 1017     8     4    25 87.000000 397.500000 145.200000
 1018     8     4    26 79.500000 378.750000 148.200000
 1019     8     4    27 82.500000 386.250000 147.000000
 1020     8     4    28 88.500000 401.250000 144.600000
 1021     8     4    29 79.500000 378.750000 148.200000
 1022     8     4    30 84.000000 390.000000 146.400000
 1023     8     4    31 82.500000 386.250000 147.000000
 1024     8     4    32 82.500000 386.250000 147.000000
 1025     9     1     1 75.000000 367.500000 150.000000
 1026     9     1     2 72.000000 360.000000 151.200000
 1027     9     1     3 76.500000 371.250000 149.400000
 1028     9     1     4 73.500000 363.750000 150.600000
 1029     9     1     5 75.000000 367.500000 150.000000
 1030     9     1     6 72.000000 360.000000 151.200000
 1031     9     1     7 72.000000 360.000000 151.200000
 1032     9     1     8 75.000000 367.500000 150.000000
 1033     9     1     9 75.000000 367.500000 150.000000
 1034     9     1    10 76.500000 371.250000 149.400000
 1035     9     1    11 73.500000 363.750000 150.600000
 1036     9     1    12 79.500000 378.750000 148.200000
 1037     9     1    13 76.500000 371.250000 149.400000
 1038     9     1    14 82.500000 386.250000 147.000000
 1039     9     1    15 79.500000 378.750000 148.200000
 1040     9     1    16 78.000000 375.000000 148.800000
 1041     9     1    17 79.500000 378.750000 148.200000
 1042     9     1    18 78.000000 375.000000 148.800000
 1043     9     1    19 72.000000 360.000000 151.200000
 1044     9     1    20 79.500000 378.750000 148.200000
 1045     9     1    21 73.500000 363.750000 150.600000
 1046     9     1    22 81.000000 382.500000 147.600000
 1047     9     1    23 79.500000 378.750000 148.200000
 1048     9     1    24 78.000000 375.000000 148.800000
 1049     9     1    25 78.000000 375.000000 148.800000
 1050     9     1    26 76.500000 371.250000 149.400000
 1051     9     1    27 79.500000 378.750000 148.200000
 1052     9     1    28 82.500000 386.250000 147.000000
 1053     9     1    29 84.000000 390.000000 146.400000
 1054     9     1    30 79.500000 378.750000 148.200000
 1055     9     1    31 79.500000 378.750000 148.200000
 1056     9     1    32 79.500000 378.750000 148.200000
 1057     9     2     1 69.000000 352.500000 152.400000
 1058     9     2     2 75.000000 367.500000 150.000000
 1059     9     2     3 78.000000 375.000000 148.800000
 1060     9     2     4 78.000000 375.000000 148.800000
 1061     9     2     5 75.000000 367.500000 150.000000
 1062     9     2     6 78.000000 375.000000 148.800000
 1063     9     2     7 81.000000 382.500000 147.600000
 1064     9     2     8 75.000000 367.500000 150.000000
 1065     9     2     9 70.500000 356.250000 151.800000
 1066     9     2    10 79.500000 378.750000 148.200000
 1067     9     2    11 75.000000 367.500000 150.000000
 1068     9     2    12 79.500000 378.750000 148.200000
 1069     9     2    13 75.000000 367.500000 150.000000
 1070     9     2    14 78.000000 375.000000 148.800000
 1071     9     2    15 84.000000 390.000000 146.400000
 1072     9     2    16 78.000000 375.000000 148.800000
 1073     9     2    17 73.500000 363.750000 150.600000
 1074     9     2    18 72.000000 360.000000 151.200000
 1075     9     2    19 75.000000 367.500000 150.000000
 1076     9     2    20 79.500000 378.750000 148.200000
 1077     9     2    21 73.500000 363.750000 150.600000
 1078     9     2    22 93.000000 412.500000 142.800000
 1079     9     2    23 76.500000 371.250000 149.400000
 1080     9     2    24 73.500000 363.750000 150.600000
 1081     9     2    25 73.500000 363.750000 150.600000
 1082     9     2    26 73.500000 363.750000 150.600000
 1083     9     2    27 78.000000 375.000000 148.800000
 1084     9     2    28 79.500000 378.750000 148.200000
 1085     9     2    29 75.000000 367.500000 150.000000
 1086     9     2    30 76.500000 371.250000 149.400000
 1087     9     2    31 73.500000 363.750000 150.600000
 1088     9     2    32 75.000000 367.500000 150.000000
 1089     9     3     1 81.000000 382.500000 147.600000
 1090     9     3     2 81.000000 382.500000 147.600000
 1091     9     3     3 76.500000 371.250000 149.400000
 1092     9     3     4 78.000000 375.000000 148.800000
 1093     9     3     5 84.000000 390.000000 146.400000
 1094     9     3     6 81.000000 382.500000 147.600000
 1095     9     3     7 78.000000 375.000000 148.800000
 1096     9     3     8 75.000000 367.500000 150.000000
 1097     9     3     9 82.500000 386.250000 147.000000
 1098     9     3    10 78.000000 375.000000 148.800000
 1099     9     3    11 81.000000 382.500000 147.600000
 1100     9     3    12 76.500000 371.250000 149.400000
 1101     9     3    13 82.500000 386.250000 147.000000
 1102     9     3    14 82.500000 386.250000 147.000000
 1103     9     3    15 79.500000 378.750000 148.200000
 1104     9     3    16 82.500000 386.250000 147.000000
 1105     9     3    17 81.000000 382.500000 147.600000
 1106     9     3    18 78.000000 375.000000 148.800000
 1107     9     3    19 75.000000 367.500000 150.000000
 1108     9     3    20 82.500000 386.250000 147.000000
 1109     9     3    21 76.500000 371.250000 149.400000
 1110     9     3    22 81.000000 382.500000 147.600000
 1111     9     3    23 79.500000 378.750000 148.200000
 1112     9     3    24 76.500000 371.250000 149.400000
 1113     9     3    25 76.500000 371.250000 149.400000
 1114     9     3    26 75.000000 367.500000 150.000000
 1115     9     3    27 81.000000 382.500000 147.600000
 1116     9     3    28 79.500000 378.750000 148.200000
 1117     9     3    29 82.500000 386.250000 147.000000
 1118     9     3    30 79.500000 378.750000 148.200000
 1119     9     3    31 78.000000 375.000000 148.800000
 1120     9     3    32 79.500000 378.750000 148.200000
 1121     9     4     1 76.500000 377.250000 155.400000
 1122     9     4     2 79.500000 384.750000 154.200000
 1123     9     4     3 82.500000 392.250000 153.000000
 1124     9     4     4 78.000000 381.000000 154.800000
 1125     9     4     5 78.000000 381.000000 154.800000
 1126     9     4     6 84.000000 396.000000 152.400000
 1127     9     4     7 76.500000 377.250000 155.400000
 1128     9     4     8 73.500000 369.750000 156.600000
 1129     9     4     9 82.500000 392.250000 153.000000
 1130     9     4    10 76.500000 377.250000 155.400000
 1131     9     4    11 73.500000 369.750000 156.600000
 1132     9     4    12 78.000000 381.000000 154.800000
 1133     9     4    13 79.500000 384.750000 154.200000
 1134     9     4    14 75.000000 373.500000 156.000000
 1135     9     4    15 79.500000 384.750000 154.200000
 1136     9     4    16 78.000000 381.000000 154.800000
 1137     9     4    17 76.500000 377.250000 155.400000
 1138     9     4    18 78.000000 381.000000 154.800000
 1139     9     4    19 73.500000 369.750000 156.600000
 1140     9     4    20 76.500000 377.250000 155.400000
 1141     9     4    21 76.500000 377.250000 155.400000
 1142     9     4    22 72.000000 366.000000 157.200000
 1143     9     4    23 79.500000 384.750000 154.200000
 1144     9     4    24 72.000000 366.000000 157.200000
 1145     9     4    25 75.000000 373.500000 156.000000
 1146     9     4    26 75.000000 373.500000 156.000000
 1147     9     4    27 76.500000 377.250000 155.400000
 1148     9     4    28 81.000000 388.500000 153.600000
 1149     9     4    29 76.500000 377.250000 155.400000
 1150     9     4    30 75.000000 373.500000 156.000000
 1151     9     4    31 76.500000 377.250000 155.400000
 1152     9     4    32 78.000000 381.000000 154.800000
 1153    10     1     1 76.500000 374.250000 152.400000
 1154    10     1     2 85.500000 396.750000 148.800000
 1155    10     1     3 82.500000 389.250000 150.000000
 1156    10     1     4 79.500000 381.750000 151.200000
 1157    10     1     5 82.500000 389.250000 150.000000
 1158    10     1     6 79.500000 381.750000 151.200000
 1159    10     1     7 79.500000 381.750000 151.200000
 1160    10     1     8 81.000000 385.500000 150.600000
 1161    10     1     9 78.000000 378.000000 151.800000
 1162    10     1    10 81.000000 385.500000 150.600000
 1163    10     1    11 84.000000 393.000000 149.400000
 1164    10     1    12 79.500000 381.750000 151.200000
 1165    10     1    13 79.500000 381.750000 151.200000
 1166    10     1    14 85.500000 396.750000 148.800000
 1167    10     1    15 79.500000 381.750000 151.200000
 1168    10     1    16 84.000000 393.000000 149.400000
 1169    10     1    17 84.000000 393.000000 149.400000
 1170    10     1    18 82.500000 389.250000 150.000000
 1171    10     1    19 81.000000 385.500000 150.600000
 1172    10     1    20 82.500000 389.250000 150.000000
 1173    10     1    21 84.000000 393.000000 149.400000
 1174    10     1    22 82.500000 389.250000 150.000000
 1175    10     1    23 81.000000 385.500000 150.600000
 1176    10     1    24 84.000000 393.000000 149.400000
 1177    10     1    25 82.500000 389.250000 150.000000
 1178    10     1    26 84.000000 393.000000 149.400000
 1179    10     1    27 79.500000 381.750000 151.200000
 1180    10     1    28 82.500000 389.250000 150.000000
 1181    10     1    29 84.000000 393.000000 149.400000
 1182    10     1    30 81.000000 385.500000 150.600000
 1183    10     1    31 81.000000 385.500000 150.600000
 1184    10     1    32 79.500000 381.750000 151.200000
 1185    10     2     1 76.500000 371.250000 149.400000
 1186    10     2     2 82.500000 386.250000 147.000000
 1187    10     2     3 81.000000 382.500000 147.600000
 1188    10     2     4 76.500000 372.750000 150.900000
 1189    10     2     5 81.000000 382.500000 147.600000
 1190    10     2     6 75.000000 369.000000 151.500000
 1191    10     2     7 82.500000 386.250000 147.000000
 1192    10     2     8 79.500000 380.250000 149.700000
 1193    10     2     9 78.000000 375.000000 148.800000
 1194    10     2    10 84.000000 391.500000 147.900000
 1195    10     2    11 79.500000 378.750000 148.200000
 1196    10     2    12 81.000000 382.500000 147.600000
 1197    10     2    13 81.000000 382.500000 147.600000
 1198    10     2    14 79.500000 378.750000 148.200000
 1199    10     2    15 78.000000 375.000000 148.800000
 1200    10     2    16 79.500000 378.750000 148.200000
 1201    10     2    17 73.500000 363.750000 150.600000
 1202    10     2    18 79.500000 378.750000 148.200000
 1203    10     2    19 82.500000 386.250000 147.000000
 1204    10     2    20 73.500000 363.750000 150.600000
 1205    10     2    21 79.500000 378.750000 148.200000
 1206    10     2    22 78.000000 375.000000 148.800000
 1207    10     2    23 79.500000 378.750000 148.200000
 1208    10     2    24 81.000000 382.500000 147.600000
 1209    10     2    25 79.500000 378.750000 148.200000
 1210    10     2    26 79.500000 378.750000 148.200000
 1211    10     2    27 76.500000 372.750000 150.900000
 1212    10     2    28 78.000000 375.000000 148.800000
 1213    10     2    29 78.000000 375.000000 148.800000
 1214    10     2    30 78.000000 375.000000 148.800000
 1215    10     2    31 78.000000 375.000000 148.800000
 1216    10     2    32 73.500000 363.750000 150.600000
 1217    10     3     1 82.500000 389.250000 150.000000
 1218    10     3     2 81.000000 385.500000 150.600000
 1219    10     3     3 81.000000 385.500000 150.600000
 1220    10     3     4 84.000000 393.000000 149.400000
 1221    10     3     5 82.500000 389.250000 150.000000
 1222    10     3     6 81.000000 385.500000 150.600000
 1223    10     3     7 82.500000 389.250000 150.000000
 1224    10     3     8 82.500000 389.250000 150.000000
 1225    10     3     9 82.500000 389.250000 150.000000
 1226    10     3    10 76.500000 374.250000 152.400000
 1227    10     3    11 82.500000 389.250000 150.000000
 1228    10     3    12 79.500000 381.750000 151.200000
 1229    10     3    13 82.500000 389.250000 150.000000
 1230    10     3    14 82.500000 389.250000 150.000000
 1231    10     3    15 78.000000 378.000000 151.800000
 1232    10     3    16 82.500000 389.250000 150.000000
 1233    10     3    17 82.500000 389.250000 150.000000
 1234    10     3    18 81.000000 385.500000 150.600000
 1235    10     3    19 79.500000 381.750000 151.200000
 1236    10     3    20 82.500000 389.250000 150.000000
 1237    10     3    21 81.000000 385.500000 150.600000
 1238    10     3    22 81.000000 385.500000 150.600000
 1239    10     3    23 82.500000 389.250000 150.000000
 1240    10     3    24 76.500000 374.250000 152.400000
 1241    10     3    25 79.500000 381.750000 151.200000
 1242    10     3    26 79.500000 381.750000 151.200000
 1243    10     3    27 84.000000 393.000000 149.400000
 1244    10     3    28 81.000000 385.500000 150.600000
 1245    10     3    29 82.500000 389.250000 150.000000
 1246    10     3    30 78.000000 378.000000 151.800000
 1247    10     3    31 79.500000 381.750000 151.200000
 1248    10     3    32 76.500000 374.250000 152.400000
 1249    10     4     1 88.500000 404.250000 147.600000
 1250    10     4     2 79.500000 381.750000 151.200000
 1251    10     4     3 84.000000 393.000000 149.400000
 1252    10     4     4 76.500000 374.250000 152.400000
 1253    10     4     5 81.000000 385.500000 150.600000
 1254    10     4     6 78.000000 378.000000 151.800000
 1255    10     4     7 79.500000 381.750000 151.200000
 1256    10     4     8 78.000000 378.000000 151.800000
 1257    10     4     9 75.000000 370.500000 153.000000
 1258    10     4    10 81.000000 385.500000 150.600000
 1259    10     4    11 79.500000 381.750000 151.200000
 1260    10     4    12 82.500000 389.250000 150.000000
 1261    10     4    13 81.000000 385.500000 150.600000
 1262    10     4    14 81.000000 385.500000 150.600000
 1263    10     4    15 79.500000 381.750000 151.200000
 1264    10     4    16 82.500000 389.250000 150.000000
 1265    10     4    17 81.000000 385.500000 150.600000
 1266    10     4    18 76.500000 374.250000 152.400000
 1267    10     4    19 73.500000 366.750000 153.600000
 1268    10     4    20 79.500000 381.750000 151.200000
 1269    10     4    21 79.500000 381.750000 151.200000
 1270    10     4    22 78.000000 378.000000 151.800000
 1271    10     4    23 81.000000 385.500000 150.600000
 1272    10     4    24 81.000000 385.500000 150.600000
 1273    10     4    25 75.000000 370.500000 153.000000
 1274    10     4    26 82.500000 389.250000 150.000000
 1275    10     4    27 81.000000 385.500000 150.600000
 1276    10     4    28 81.000000 385.500000 150.600000
 1277    10     4    29 82.500000 389.250000 150.000000
 1278    10     4    30 79.500000 381.750000 151.200000
 1279    10     4    31 81.000000 385.500000 150.600000
 1280    10     4    32 84.000000 393.000000 149.400000
 1281    11     1     1 79.500000 375.750000 145.200000
 1282    11     1     2 78.000000 372.000000 145.800000
 1283    11     1     3 75.000000 364.500000 147.000000
 1284    11     1     4 72.000000 357.000000 148.200000
 1285    11     1     5 81.000000 379.500000 144.600000
 1286    11     1     6 79.500000 375.750000 145.200000
 1287    11     1     7 72.000000 357.000000 148.200000
 1288    11     1     8 78.000000 372.000000 145.800000
 1289    11     1     9 76.500000 368.250000 146.400000
 1290    11     1    10 73.500000 360.750000 147.600000
 1291    11     1    11 75.000000 364.500000 147.000000
 1292    11     1    12 78.000000 372.000000 145.800000
 1293    11     1    13 73.500000 360.750000 147.600000
 1294    11     1    14 82.500000 383.250000 144.000000
 1295    11     1    15 73.500000 360.750000 147.600000
 1296    11     1    16 79.500000 375.750000 145.200000
 1297    11     1    17 78.000000 372.000000 145.800000
 1298    11     1    18 75.000000 364.500000 147.000000
 1299    11     1    19 76.500000 368.250000 146.400000
 1300    11     1    20 81.000000 379.500000 144.600000
 1301    11     1    21 79.500000 375.750000 145.200000
 1302    11     1    22 70.500000 353.250000 148.800000
 1303    11     1    23 72.000000 357.000000 148.200000
 1304    11     1    24 72.000000 357.000000 148.200000
 1305    11     1    25 78.000000 372.000000 145.800000
 1306    11     1    26 72.000000 357.000000 148.200000
 1307    11     1    27 79.500000 375.750000 145.200000
 1308    11     1    28 78.000000 372.000000 145.800000
 1309    11     1    29 69.000000 349.500000 149.400000
 1310    11     1    30 72.000000 357.000000 148.200000
 1311    11     1    31 72.000000 357.000000 148.200000
 1312    11     1    32 79.500000 375.750000 145.200000
 1313    11     2     1 70.500000 356.250000 151.800000
 1314    11     2     2 81.000000 382.500000 147.600000
 1315    11     2     3 76.500000 371.250000 149.400000
 1316    11     2     4 81.000000 382.500000 147.600000
 1317    11     2     5 72.000000 360.000000 151.200000
 1318    11     2     6 76.500000 371.250000 149.400000
 1319    11     2     7 79.500000 378.750000 148.200000
 1320    11     2     8 75.000000 367.500000 150.000000
 1321    11     2     9 79.500000 378.750000 148.200000
 1322    11     2    10 79.500000 378.750000 148.200000
 1323    11     2    11 79.500000 378.750000 148.200000
 1324    11     2    12 73.500000 363.750000 150.600000
 1325    11     2    13 76.500000 371.250000 149.400000
 1326    11     2    14 79.500000 378.750000 148.200000
 1327    11     2    15 76.500000 371.250000 149.400000
 1328    11     2    16 79.500000 378.750000 148.200000
 1329    11     2    17 79.500000 378.750000 148.200000
 1330    11     2    18 75.000000 367.500000 150.000000
 1331    11     2    19 73.500000 363.750000 150.600000
 1332    11     2    20 69.000000 352.500000 152.400000
 1333    11     2    21 70.500000 356.250000 151.800000
 1334    11     2    22 70.500000 356.250000 151.800000
 1335    11     2    23 81.000000 382.500000 147.600000
 1336    11     2    24 79.500000 378.750000 148.200000
 1337    11     2    25 82.500000 386.250000 147.000000
 1338    11     2    26 79.500000 378.750000 148.200000
 1339    11     2    27 72.000000 360.000000 151.200000
 1340    11     2    28 70.500000 356.250000 151.800000
 1341    11     2    29 96.000000 420.000000 141.600000
 1342    11     2    30 73.500000 363.750000 150.600000
 1343    11     2    31 72.000000 360.000000 151.200000
 1344    11     2    32 76.500000 371.250000 149.400000
 1345    11     3     1 76.500000 368.250000 146.400000
 1346    11     3     2 79.500000 375.750000 145.200000
 1347    11     3     3 82.500000 383.250000 144.000000
 1348    11     3     4 78.000000 372.000000 145.800000
 1349    11     3     5 82.500000 383.250000 144.000000
 1350    11     3     6 85.500000 390.750000 142.800000
 1351    11     3     7 76.500000 368.250000 146.400000
 1352    11     3     8 82.500000 383.250000 144.000000
 1353    11     3     9 82.500000 383.250000 144.000000
 1354    11     3    10 76.500000 368.250000 146.400000
 1355    11     3    11 82.500000 383.250000 144.000000
 1356    11     3    12 85.500000 390.750000 142.800000
 1357    11     3    13 82.500000 383.250000 144.000000
 1358    11     3    14 79.500000 375.750000 145.200000
 1359    11     3    15 82.500000 383.250000 144.000000
 1360    11     3    16 81.000000 379.500000 144.600000
 1361    11     3    17 76.500000 368.250000 146.400000
 1362    11     3    18 76.500000 368.250000 146.400000
 1363    11     3    19 79.500000 375.750000 145.200000
 1364    11     3    20 82.500000 383.250000 144.000000
 1365    11     3    21 81.000000 379.500000 144.600000
 1366    11     3    22 84.000000 387.000000 143.400000
 1367    11     3    23 75.000000 364.500000 147.000000
 1368    11     3    24 76.500000 368.250000 146.400000
 1369    11     3    25 81.000000 379.500000 144.600000
 1370    11     3    26 79.500000 375.750000 145.200000
 1371    11     3    27 81.000000 379.500000 144.600000
 1372    11     3    28 82.500000 383.250000 144.000000
 1373    11     3    29 82.500000 383.250000 144.000000
 1374    11     3    30 76.500000 368.250000 146.400000
 1375    11     3    31 81.000000 379.500000 144.600000
 1376    11     3    32 79.500000 375.750000 145.200000
 1377    11     4     1 82.500000 386.250000 147.000000
 1378    11     4     2 84.000000 390.000000 146.400000
 1379    11     4     3 81.000000 382.500000 147.600000
 1380    11     4     4 82.500000 386.250000 147.000000
 1381    11     4     5 79.500000 378.750000 148.200000
 1382    11     4     6 82.500000 386.250000 147.000000
 1383    11     4     7 79.500000 378.750000 148.200000
 1384    11     4     8 79.500000 378.750000 148.200000
 1385    11     4     9 81.000000 382.500000 147.600000
 1386    11     4    10 82.500000 386.250000 147.000000
 1387    11     4    11 82.500000 386.250000 147.000000
 1388    11     4    12 79.500000 378.750000 148.200000
 1389    11     4    13 84.000000 390.000000 146.400000
 1390    11     4    14 81.000000 382.500000 147.600000
 1391    11     4    15 84.000000 390.000000 146.400000
 1392    11     4    16 84.000000 390.000000 146.400000
 1393    11     4    17 79.500000 378.750000 148.200000
 1394    11     4    18 75.000000 367.500000 150.000000
 1395    11     4    19 78.000000 375.000000 148.800000
 1396    11     4    20 78.000000 375.000000 148.800000
 1397    11     4    21 78.000000 375.000000 148.800000
 1398    11     4    22 81.000000 382.500000 147.600000
 1399    11     4    23 78.000000 375.000000 148.800000
 1400    11     4    24 78.000000 375.000000 148.800000
 1401    11     4    25 79.500000 378.750000 148.200000
 1402    11     4    26 78.000000 375.000000 148.800000
 1403    11     4    27 78.000000 375.000000 148.800000
 1404    11     4    28 78.000000 375.000000 148.800000
 1405    11     4    29 84.000000 390.000000 146.400000
 1406    11     4    30 79.500000 378.750000 148.200000
 1407    11     4    31 79.500000 378.750000 148.200000
 1408    11     4    32 78.000000 375.000000 148.800000
 1409    12     1     1 85.500000 402.750000 154.800000
 1410    12     1     2 84.000000 399.000000 155.400000
 1411    12     1     3 84.000000 399.000000 155.400000
 1412    12     1     4 85.500000 402.750000 154.800000
 1413    12     1     5 79.500000 387.750000 157.200000
 1414    12     1     6 81.000000 391.500000 156.600000
 1415    12     1     7 79.500000 387.750000 157.200000
 1416    12     1     8 82.500000 395.250000 156.000000
 1417    12     1     9 82.500000 395.250000 156.000000
 1418    12     1    10 82.500000 395.250000 156.000000
 1419    12     1    11 78.000000 384.000000 157.800000
 1420    12     1    12 79.500000 387.750000 157.200000
 1421    12     1    13 78.000000 384.000000 157.800000
 1422    12     1    14 85.500000 402.750000 154.800000
 1423    12     1    15 79.500000 387.750000 157.200000
 1424    12     1    16 79.500000 387.750000 157.200000
 1425    12     1    17 84.000000 399.000000 155.400000
 1426    12     1    18 81.000000 391.500000 156.600000
 1427    12     1    19 79.500000 387.750000 157.200000
 1428    12     1    20 81.000000 391.500000 156.600000
 1429    12     1    21 81.000000 391.500000 156.600000
 1430    12     1    22 82.500000 395.250000 156.000000
 1431    12     1    23 79.500000 387.750000 157.200000
 1432    12     1    24 84.000000 399.000000 155.400000
 1433    12     1    25 82.500000 395.250000 156.000000
 1434    12     1    26 84.000000 399.000000 155.400000
 1435    12     1    27 82.500000 395.250000 156.000000
 1436    12     1    28 82.500000 395.250000 156.000000
 1437    12     1    29 79.500000 387.750000 157.200000
 1438    12     1    30 79.500000 387.750000 157.200000
 1439    12     1    31 79.500000 387.750000 157.200000
 1440    12     1    32 78.000000 384.000000 157.800000
 1441    12     2     1 76.500000 375.750000 153.900000
 1442    12     2     2 85.500000 398.250000 150.300000
 1443    12     2     3 84.000000 394.500000 150.900000
 1444    12     2     4 79.500000 383.250000 152.700000
 1445    12     2     5 84.000000 394.500000 150.900000
 1446    12     2     6 84.000000 394.500000 150.900000
 1447    12     2     7 84.000000 394.500000 150.900000
 1448    12     2     8 87.000000 402.000000 149.700000
 1449    12     2     9 90.000000 409.500000 148.500000
 1450    12     2    10 82.500000 390.750000 151.500000
 1451    12     2    11 85.500000 398.250000 150.300000
 1452    12     2    12 82.500000 390.750000 151.500000
 1453    12     2    13 78.000000 379.500000 153.300000
 1454    12     2    14 82.500000 390.750000 151.500000
 1455    12     2    15 82.500000 390.750000 151.500000
 1456    12     2    16 84.000000 394.500000 150.900000
 1457    12     2    17 82.500000 390.750000 151.500000
 1458    12     2    18 82.500000 390.750000 151.500000
 1459    12     2    19 82.500000 390.750000 151.500000
 1460    12     2    20 76.500000 375.750000 153.900000
 1461    12     2    21 82.500000 390.750000 151.500000
 1462    12     2    22 79.500000 383.250000 152.700000
 1463    12     2    23 82.500000 390.750000 151.500000
 1464    12     2    24 79.500000 383.250000 152.700000
 1465    12     2    25 81.000000 387.000000 152.100000
 1466    12     2    26 79.500000 383.250000 152.700000
 1467    12     2    27 78.000000 379.500000 153.300000
 1468    12     2    28 79.500000 383.250000 152.700000
 1469    12     2    29 82.500000 390.750000 151.500000
 1470    12     2    30 81.000000 387.000000 152.100000
 1471    12     2    31 85.500000 398.250000 150.300000
 1472    12     2    32 79.500000 383.250000 152.700000
 1473    12     3     1 79.500000 380.250000 149.700000
 1474    12     3     2 81.000000 384.000000 149.100000
 1475    12     3     3 81.000000 384.000000 149.100000
 1476    12     3     4 82.500000 387.750000 148.500000
 1477    12     3     5 82.500000 387.750000 148.500000
 1478    12     3     6 81.000000 384.000000 149.100000
 1479    12     3     7 81.000000 385.500000 150.600000
 1480    12     3     8 78.000000 378.000000 151.800000
 1481    12     3     9 82.500000 387.750000 148.500000
 1482    12     3    10 79.500000 380.250000 149.700000
 1483    12     3    11 76.500000 374.250000 152.400000
 1484    12     3    12 82.500000 389.250000 150.000000
 1485    12     3    13 79.500000 383.250000 152.700000
 1486    12     3    14 81.000000 384.000000 149.100000
 1487    12     3    15 78.000000 378.000000 151.800000
 1488    12     3    16 84.000000 391.500000 147.900000
 1489    12     3    17 81.000000 385.500000 150.600000
 1490    12     3    18 81.000000 385.500000 150.600000
 1491    12     3    19 78.000000 378.000000 151.800000
 1492    12     3    20 81.000000 384.000000 149.100000
 1493    12     3    21 78.000000 378.000000 151.800000
 1494    12     3    22 78.000000 376.500000 150.300000
 1495    12     3    23 78.000000 378.000000 151.800000
 1496    12     3    24 78.000000 376.500000 150.300000
 1497    12     3    25 78.000000 378.000000 151.800000
 1498    12     3    26 78.000000 376.500000 150.300000
 1499    12     3    27 79.500000 380.250000 149.700000
 1500    12     3    28 79.500000 381.750000 151.200000
 1501    12     3    29 76.500000 372.750000 150.900000
 1502    12     3    30 76.500000 374.250000 152.400000
 1503    12     3    31 78.000000 376.500000 150.300000
 1504    12     3    32 81.000000 385.500000 150.600000
 1505    12     4     1 79.500000 384.750000 154.200000
 1506    12     4     2 82.500000 392.250000 153.000000
 1507    12     4     3 85.500000 399.750000 151.800000
 1508    12     4     4 82.500000 392.250000 153.000000
 1509    12     4     5 78.000000 381.000000 154.800000
 1510    12     4     6 78.000000 381.000000 154.800000
 1511    12     4     7 87.000000 403.500000 151.200000
 1512    12     4     8 81.000000 388.500000 153.600000
 1513    12     4     9 79.500000 384.750000 154.200000
 1514    12     4    10 79.500000 384.750000 154.200000
 1515    12     4    11 81.000000 388.500000 153.600000
 1516    12     4    12 79.500000 384.750000 154.200000
 1517    12     4    13 82.500000 392.250000 153.000000
 1518    12     4    14 79.500000 384.750000 154.200000
 1519    12     4    15 81.000000 388.500000 153.600000
 1520    12     4    16 81.000000 388.500000 153.600000
 1521    12     4    17 79.500000 384.750000 154.200000
 1522    12     4    18 79.500000 384.750000 154.200000
 1523    12     4    19 81.000000 388.500000 153.600000
 1524    12     4    20 78.000000 381.000000 154.800000
 1525    12     4    21 78.000000 381.000000 154.800000
 1526    12     4    22 82.500000 392.250000 153.000000
 1527    12     4    23 82.500000 392.250000 153.000000
 1528    12     4    24 78.000000 381.000000 154.800000
 1529    12     4    25 84.000000 396.000000 152.400000
 1530    12     4    26 78.000000 381.000000 154.800000
 1531    12     4    27 79.500000 384.750000 154.200000
 1532    12     4    28 79.500000 384.750000 154.200000
 1533    12     4    29 88.500000 407.250000 150.600000
 1534    12     4    30 79.500000 384.750000 154.200000
 1535    12     4    31 81.000000 388.500000 153.600000
 1536    12     4    32 76.500000 377.250000 155.400000
 1537    13     1     1 78.000000 376.500000 150.300000
 1538    13     1     2 78.000000 376.500000 150.300000
 1539    13     1     3 76.500000 372.750000 150.900000
 1540    13     1     4 79.500000 378.750000 148.200000
 1541    13     1     5 78.000000 375.000000 148.800000
 1542    13     1     6 78.000000 375.000000 148.800000
 1543    13     1     7 81.000000 382.500000 147.600000
 1544    13     1     8 84.000000 390.000000 146.400000
 1545    13     1     9 79.500000 378.750000 148.200000
 1546    13     1    10 72.000000 360.000000 151.200000
 1547    13     1    11 75.000000 367.500000 150.000000
 1548    13     1    12 75.000000 367.500000 150.000000
 1549    13     1    13 82.500000 386.250000 147.000000
 1550    13     1    14 78.000000 375.000000 148.800000
 1551    13     1    15 76.500000 371.250000 149.400000
 1552    13     1    16 76.500000 371.250000 149.400000
 1553    13     1    17 79.500000 378.750000 148.200000
 1554    13     1    18 78.000000 375.000000 148.800000
 1555    13     1    19 75.000000 367.500000 150.000000
 1556    13     1    20 78.000000 375.000000 148.800000
 1557    13     1    21 79.500000 378.750000 148.200000
 1558    13     1    22 78.000000 375.000000 148.800000
 1559    13     1    23 81.000000 382.500000 147.600000
 1560    13     1    24 72.000000 360.000000 151.200000
 1561    13     1    25 78.000000 375.000000 148.800000
 1562    13     1    26 78.000000 375.000000 148.800000
 1563    13     1    27 79.500000 378.750000 148.200000
 1564    13     1    28 78.000000 375.000000 148.800000
 1565    13     1    29 81.000000 382.500000 147.600000
 1566    13     1    30 76.500000 371.250000 149.400000
 1567    13     1    31 82.500000 386.250000 147.000000
 1568    13     1    32 76.500000 372.750000 150.900000
 1569    13     2     1 73.500000 363.750000 150.600000
 1570    13     2     2 81.000000 382.500000 147.600000
 1571    13     2     3 78.000000 376.500000 150.300000
 1572    13     2     4 84.000000 391.500000 147.900000
 1573    13     2     5 82.500000 386.250000 147.000000
 1574    13     2     6 78.000000 375.000000 148.800000
 1575    13     2     7 85.500000 395.250000 147.300000
 1576    13     2     8 81.000000 384.000000 149.100000
 1577    13     2     9 81.000000 382.500000 147.600000
 1578    13     2    10 82.500000 386.250000 147.000000
 1579    13     2    11 81.000000 382.500000 147.600000
 1580    13     2    12 82.500000 386.250000 147.000000
 1581    13     2    13 81.000000 382.500000 147.600000
 1582    13     2    14 78.000000 376.500000 150.300000
 1583    13     2    15 79.500000 378.750000 148.200000
 1584    13     2    16 76.500000 372.750000 150.900000
 1585    13     2    17 76.500000 371.250000 149.400000
 1586    13     2    18 79.500000 378.750000 148.200000
 1587    13     2    19 81.000000 382.500000 147.600000
 1588    13     2    20 79.500000 378.750000 148.200000
 1589    13     2    21 85.500000 393.750000 145.800000
 1590    13     2    22 79.500000 378.750000 148.200000
 1591    13     2    23 81.000000 382.500000 147.600000
 1592    13     2    24 78.000000 375.000000 148.800000
 1593    13     2    25 76.500000 371.250000 149.400000
 1594    13     2    26 79.500000 378.750000 148.200000
 1595    13     2    27 78.000000 375.000000 148.800000
 1596    13     2    28 82.500000 386.250000 147.000000
 1597    13     2    29 78.000000 376.500000 150.300000
 1598    13     2    30 78.000000 375.000000 148.800000
 1599    13     2    31 76.500000 371.250000 149.400000
 1600    13     2    32 73.500000 363.750000 150.600000
 1601    13     3     1 79.500000 381.750000 151.200000
 1602    13     3     2 84.000000 394.500000 150.900000
 1603    13     3     3 82.500000 389.250000 150.000000
 1604    13     3     4 85.500000 396.750000 148.800000
 1605    13     3     5 84.000000 393.000000 149.400000
 1606    13     3     6 82.500000 389.250000 150.000000
 1607    13     3     7 82.500000 389.250000 150.000000
 1608    13     3     8 85.500000 396.750000 148.800000
 1609    13     3     9 81.000000 385.500000 150.600000
 1610    13     3    10 81.000000 385.500000 150.600000
 1611    13     3    11 85.500000 396.750000 148.800000
 1612    13     3    12 85.500000 396.750000 148.800000
 1613    13     3    13 87.000000 402.000000 149.700000
 1614    13     3    14 79.500000 381.750000 151.200000
 1615    13     3    15 81.000000 385.500000 150.600000
 1616    13     3    16 79.500000 383.250000 152.700000
 1617    13     3    17 79.500000 381.750000 151.200000
 1618    13     3    18 87.000000 402.000000 149.700000
 1619    13     3    19 87.000000 400.500000 148.200000
 1620    13     3    20 88.500000 405.750000 149.100000
 1621    13     3    21 85.500000 396.750000 148.800000
 1622    13     3    22 85.500000 396.750000 148.800000
 1623    13     3    23 84.000000 394.500000 150.900000
 1624    13     3    24 82.500000 389.250000 150.000000
 1625    13     3    25 82.500000 389.250000 150.000000
 1626    13     3    26 84.000000 393.000000 149.400000
 1627    13     3    27 82.500000 389.250000 150.000000
 1628    13     3    28 85.500000 396.750000 148.800000
 1629    13     3    29 79.500000 381.750000 151.200000
 1630    13     3    30 79.500000 381.750000 151.200000
 1631    13     3    31 82.500000 389.250000 150.000000
 1632    13     3    32 84.000000 393.000000 149.400000
 1633    13     4     1 81.000000 388.500000 153.600000
 1634    13     4     2 81.000000 388.500000 153.600000
 1635    13     4     3 81.000000 388.500000 153.600000
 1636    13     4     4 85.500000 399.750000 151.800000
 1637    13     4     5 82.500000 392.250000 153.000000
 1638    13     4     6 84.000000 396.000000 152.400000
 1639    13     4     7 81.000000 388.500000 153.600000
 1640    13     4     8 84.000000 396.000000 152.400000
 1641    13     4     9 82.500000 392.250000 153.000000
 1642    13     4    10 81.000000 388.500000 153.600000
 1643    13     4    11 79.500000 384.750000 154.200000
 1644    13     4    12 81.000000 388.500000 153.600000
 1645    13     4    13 82.500000 392.250000 153.000000
 1646    13     4    14 82.500000 392.250000 153.000000
 1647    13     4    15 79.500000 384.750000 154.200000
 1648    13     4    16 82.500000 392.250000 153.000000
 1649    13     4    17 76.500000 377.250000 155.400000
 1650    13     4    18 84.000000 396.000000 152.400000
 1651    13     4    19 79.500000 384.750000 154.200000
 1652    13     4    20 79.500000 384.750000 154.200000
 1653    13     4    21 85.500000 399.750000 151.800000
 1654    13     4    22 78.000000 381.000000 154.800000
 1655    13     4    23 79.500000 384.750000 154.200000
 1656    13     4    24 81.000000 388.500000 153.600000
 1657    13     4    25 84.000000 396.000000 152.400000
 1658    13     4    26 84.000000 396.000000 152.400000
 1659    13     4    27 79.500000 384.750000 154.200000
 1660    13     4    28 82.500000 392.250000 153.000000
 1661    13     4    29 79.500000 384.750000 154.200000
 1662    13     4    30 78.000000 381.000000 154.800000
 1663    13     4    31 78.000000 381.000000 154.800000
 1664    13     4    32 79.500000 384.750000 154.200000
 1665    14     1     1 81.000000 379.500000 144.600000
 1666    14     1     2 79.500000 375.750000 145.200000
 1667    14     1     3 78.000000 372.000000 145.800000
 1668    14     1     4 78.000000 372.000000 145.800000
 1669    14     1     5 78.000000 372.000000 145.800000
 1670    14     1     6 79.500000 375.750000 145.200000
 1671    14     1     7 78.000000 372.000000 145.800000
 1672    14     1     8 84.000000 387.000000 143.400000
 1673    14     1     9 78.000000 372.000000 145.800000
 1674    14     1    10 82.500000 384.750000 145.500000
 1675    14     1    11 82.500000 386.250000 147.000000
 1676    14     1    12 81.000000 379.500000 144.600000
 1677    14     1    13 82.500000 383.250000 144.000000
 1678    14     1    14 81.000000 382.500000 147.600000
 1679    14     1    15 79.500000 375.750000 145.200000
 1680    14     1    16 81.000000 381.000000 146.100000
 1681    14     1    17 78.000000 372.000000 145.800000
 1682    14     1    18 79.500000 377.250000 146.700000
 1683    14     1    19 79.500000 377.250000 146.700000
 1684    14     1    20 79.500000 375.750000 145.200000
 1685    14     1    21 78.000000 373.500000 147.300000
 1686    14     1    22 78.000000 372.000000 145.800000
 1687    14     1    23 82.500000 383.250000 144.000000
 1688    14     1    24 79.500000 375.750000 145.200000
 1689    14     1    25 81.000000 382.500000 147.600000
 1690    14     1    26 79.500000 377.250000 146.700000
 1691    14     1    27 82.500000 383.250000 144.000000
 1692    14     1    28 82.500000 383.250000 144.000000
 1693    14     1    29 79.500000 377.250000 146.700000
 1694    14     1    30 82.500000 383.250000 144.000000
 1695    14     1    31 81.000000 379.500000 144.600000
 1696    14     1    32 82.500000 384.750000 145.500000
 1697    14     2     1 72.000000 357.000000 148.200000
 1698    14     2     2 76.500000 368.250000 146.400000
 1699    14     2     3 82.500000 383.250000 144.000000
 1700    14     2     4 79.500000 375.750000 145.200000
 1701    14     2     5 82.500000 383.250000 144.000000
 1702    14     2     6 78.000000 372.000000 145.800000
 1703    14     2     7 78.000000 372.000000 145.800000
 1704    14     2     8 79.500000 375.750000 145.200000
 1705    14     2     9 81.000000 379.500000 144.600000
 1706    14     2    10 79.500000 375.750000 145.200000
 1707    14     2    11 76.500000 368.250000 146.400000
 1708    14     2    12 84.000000 387.000000 143.400000
 1709    14     2    13 78.000000 372.000000 145.800000
 1710    14     2    14 78.000000 372.000000 145.800000
 1711    14     2    15 84.000000 387.000000 143.400000
 1712    14     2    16 81.000000 379.500000 144.600000
 1713    14     2    17 75.000000 364.500000 147.000000
 1714    14     2    18 76.500000 368.250000 146.400000
 1715    14     2    19 78.000000 372.000000 145.800000
 1716    14     2    20 76.500000 368.250000 146.400000
 1717    14     2    21 76.500000 368.250000 146.400000
 1718    14     2    22 78.000000 372.000000 145.800000
 1719    14     2    23 78.000000 372.000000 145.800000
 1720    14     2    24 78.000000 372.000000 145.800000
 1721    14     2    25 78.000000 372.000000 145.800000
 1722    14     2    26 75.000000 364.500000 147.000000
 1723    14     2    27 75.000000 364.500000 147.000000
 1724    14     2    28 82.500000 383.250000 144.000000
 1725    14     2    29 79.500000 375.750000 145.200000
 1726    14     2    30 78.000000 372.000000 145.800000
 1727    14     2    31 81.000000 379.500000 144.600000
 1728    14     2    32 79.500000 375.750000 145.200000
 1729    14     3     1 79.500000 372.750000 142.200000
 1730    14     3     2 79.500000 372.750000 142.200000
 1731    14     3     3 79.500000 372.750000 142.200000
 1732    14     3     4 84.000000 384.000000 140.400000
 1733    14     3     5 82.500000 380.250000 141.000000
 1734    14     3     6 79.500000 372.750000 142.200000
 1735    14     3     7 84.000000 384.000000 140.400000
 1736    14     3     8 82.500000 380.250000 141.000000
 1737    14     3     9 79.500000 372.750000 142.200000
 1738    14     3    10 76.500000 365.250000 143.400000
 1739    14     3    11 82.500000 380.250000 141.000000
 1740    14     3    12 82.500000 380.250000 141.000000
 1741    14     3    13 82.500000 380.250000 141.000000
 1742    14     3    14 76.500000 365.250000 143.400000
 1743    14     3    15 84.000000 384.000000 140.400000
 1744    14     3    16 79.500000 372.750000 142.200000
 1745    14     3    17 79.500000 372.750000 142.200000
 1746    14     3    18 79.500000 372.750000 142.200000
 1747    14     3    19 82.500000 380.250000 141.000000
 1748    14     3    20 81.000000 376.500000 141.600000
 1749    14     3    21 79.500000 372.750000 142.200000
 1750    14     3    22 81.000000 376.500000 141.600000
 1751    14     3    23 78.000000 369.000000 142.800000
 1752    14     3    24 79.500000 372.750000 142.200000
 1753    14     3    25 76.500000 365.250000 143.400000
 1754    14     3    26 81.000000 376.500000 141.600000
 1755    14     3    27 75.000000 361.500000 144.000000
 1756    14     3    28 82.500000 380.250000 141.000000
 1757    14     3    29 76.500000 365.250000 143.400000
 1758    14     3    30 76.500000 365.250000 143.400000
 1759    14     3    31 73.500000 357.750000 144.600000
 1760    14     3    32 79.500000 372.750000 142.200000
 1761    14     4     1 78.000000 373.500000 147.300000
 1762    14     4     2 82.500000 383.250000 144.000000
 1763    14     4     3 82.500000 383.250000 144.000000
 1764    14     4     4 85.500000 390.750000 142.800000
 1765    14     4     5 81.000000 381.000000 146.100000
 1766    14     4     6 82.500000 384.750000 145.500000
 1767    14     4     7 81.000000 381.000000 146.100000
 1768    14     4     8 76.500000 368.250000 146.400000
 1769    14     4     9 79.500000 375.750000 145.200000
 1770    14     4    10 84.000000 388.500000 144.900000
 1771    14     4    11 78.000000 373.500000 147.300000
 1772    14     4    12 81.000000 381.000000 146.100000
 1773    14     4    13 82.500000 384.750000 145.500000
 1774    14     4    14 81.000000 381.000000 146.100000
 1775    14     4    15 78.000000 373.500000 147.300000
 1776    14     4    16 88.500000 399.750000 143.100000
 1777    14     4    17 81.000000 381.000000 146.100000
 1778    14     4    18 78.000000 373.500000 147.300000
 1779    14     4    19 78.000000 373.500000 147.300000
 1780    14     4    20 81.000000 379.500000 144.600000
 1781    14     4    21 78.000000 373.500000 147.300000
 1782    14     4    22 79.500000 377.250000 146.700000
 1783    14     4    23 81.000000 381.000000 146.100000
 1784    14     4    24 79.500000 377.250000 146.700000
 1785    14     4    25 78.000000 373.500000 147.300000
 1786    14     4    26 78.000000 373.500000 147.300000
 1787    14     4    27 81.000000 381.000000 146.100000
 1788    14     4    28 75.000000 366.000000 148.500000
 1789    14     4    29 85.500000 390.750000 142.800000
 1790    14     4    30 78.000000 373.500000 147.300000
 1791    14     4    31 79.500000 377.250000 146.700000
 1792    14     4    32 81.000000 381.000000 146.100000
 1793    15     1     1 75.000000 375.000000 157.500000
 1794    15     1     2 76.500000 378.750000 156.900000
 1795    15     1     3 78.000000 382.500000 156.300000
 1796    15     1     4 81.000000 390.000000 155.100000
 1797    15     1     5 81.000000 390.000000 155.100000
 1798    15     1     6 78.000000 382.500000 156.300000
 1799    15     1     7 79.500000 386.250000 155.700000
 1800    15     1     8 79.500000 386.250000 155.700000
 1801    15     1     9 82.500000 393.750000 154.500000
 1802    15     1    10 81.000000 390.000000 155.100000
 1803    15     1    11 76.500000 378.750000 156.900000
 1804    15     1    12 81.000000 390.000000 155.100000
 1805    15     1    13 82.500000 393.750000 154.500000
 1806    15     1    14 87.000000 405.000000 152.700000
 1807    15     1    15 81.000000 390.000000 155.100000
 1808    15     1    16 85.500000 402.750000 154.800000
 1809    15     1    17 73.500000 371.250000 158.100000
 1810    15     1    18 73.500000 371.250000 158.100000
 1811    15     1    19 78.000000 382.500000 156.300000
 1812    15     1    20 82.500000 393.750000 154.500000
 1813    15     1    21 75.000000 375.000000 157.500000
 1814    15     1    22 76.500000 378.750000 156.900000
 1815    15     1    23 72.000000 367.500000 158.700000
 1816    15     1    24 81.000000 390.000000 155.100000
 1817    15     1    25 81.000000 390.000000 155.100000
 1818    15     1    26 82.500000 393.750000 154.500000
 1819    15     1    27 82.500000 393.750000 154.500000
 1820    15     1    28 81.000000 390.000000 155.100000
 1821    15     1    29 79.500000 386.250000 155.700000
 1822    15     1    30 78.000000 382.500000 156.300000
 1823    15     1    31 78.000000 382.500000 156.300000
 1824    15     1    32 78.000000 382.500000 156.300000
 1825    15     2     1 73.500000 365.250000 152.100000
 1826    15     2     2 79.500000 381.750000 151.200000
 1827    15     2     3 78.000000 376.500000 150.300000
 1828    15     2     4 78.000000 376.500000 150.300000
 1829    15     2     5 78.000000 378.000000 151.800000
 1830    15     2     6 79.500000 380.250000 149.700000
 1831    15     2     7 76.500000 372.750000 150.900000
 1832    15     2     8 81.000000 384.000000 149.100000
 1833    15     2     9 78.000000 378.000000 151.800000
 1834    15     2    10 75.000000 369.000000 151.500000
 1835    15     2    11 78.000000 378.000000 151.800000
 1836    15     2    12 73.500000 366.750000 153.600000
 1837    15     2    13 79.500000 380.250000 149.700000
 1838    15     2    14 70.500000 359.250000 154.800000
 1839    15     2    15 72.000000 361.500000 152.700000
 1840    15     2    16 70.500000 359.250000 154.800000
 1841    15     2    17 78.000000 376.500000 150.300000
 1842    15     2    18 76.500000 374.250000 152.400000
 1843    15     2    19 75.000000 369.000000 151.500000
 1844    15     2    20 78.000000 376.500000 150.300000
 1845    15     2    21 75.000000 369.000000 151.500000
 1846    15     2    22 78.000000 376.500000 150.300000
 1847    15     2    23 75.000000 370.500000 153.000000
 1848    15     2    24 72.000000 361.500000 152.700000
 1849    15     2    25 78.000000 376.500000 150.300000
 1850    15     2    26 78.000000 376.500000 150.300000
 1851    15     2    27 76.500000 372.750000 150.900000
 1852    15     2    28 69.000000 354.000000 153.900000
 1853    15     2    29 73.500000 365.250000 152.100000
 1854    15     2    30 70.500000 359.250000 154.800000
 1855    15     2    31 69.000000 354.000000 153.900000
 1856    15     2    32 67.500000 350.250000 154.500000
 1857    15     3     1 75.000000 370.500000 153.000000
 1858    15     3     2 75.000000 370.500000 153.000000
 1859    15     3     3 81.000000 385.500000 150.600000
 1860    15     3     4 75.000000 370.500000 153.000000
 1861    15     3     5 81.000000 385.500000 150.600000
 1862    15     3     6 76.500000 374.250000 152.400000
 1863    15     3     7 81.000000 385.500000 150.600000
 1864    15     3     8 78.000000 378.000000 151.800000
 1865    15     3     9 73.500000 366.750000 153.600000
 1866    15     3    10 82.500000 389.250000 150.000000
 1867    15     3    11 78.000000 378.000000 151.800000
 1868    15     3    12 82.500000 389.250000 150.000000
 1869    15     3    13 81.000000 385.500000 150.600000
 1870    15     3    14 79.500000 381.750000 151.200000
 1871    15     3    15 76.500000 374.250000 152.400000
 1872    15     3    16 75.000000 370.500000 153.000000
 1873    15     3    17 78.000000 378.000000 151.800000
 1874    15     3    18 79.500000 381.750000 151.200000
 1875    15     3    19 76.500000 374.250000 152.400000
 1876    15     3    20 79.500000 381.750000 151.200000
 1877    15     3    21 75.000000 370.500000 153.000000
 1878    15     3    22 81.000000 385.500000 150.600000
 1879    15     3    23 79.500000 381.750000 151.200000
 1880    15     3    24 79.500000 381.750000 151.200000
 1881    15     3    25 75.000000 370.500000 153.000000
 1882    15     3    26 82.500000 389.250000 150.000000
 1883    15     3    27 81.000000 385.500000 150.600000
 1884    15     3    28 79.500000 381.750000 151.200000
 1885    15     3    29 79.500000 381.750000 151.200000
 1886    15     3    30 75.000000 370.500000 153.000000
 1887    15     3    31 76.500000 374.250000 152.400000
 1888    15     3    32 79.500000 381.750000 151.200000
 1889    15     4     1 79.500000 384.750000 154.200000
 1890    15     4     2 82.500000 392.250000 153.000000
 1891    15     4     3 81.000000 388.500000 153.600000
 1892    15     4     4 79.500000 384.750000 154.200000
 1893    15     4     5 76.500000 377.250000 155.400000
 1894    15     4     6 76.500000 377.250000 155.400000
 1895    15     4     7 82.500000 392.250000 153.000000
 1896    15     4     8 73.500000 369.750000 156.600000
 1897    15     4     9 78.000000 381.000000 154.800000
 1898    15     4    10 79.500000 384.750000 154.200000
 1899    15     4    11 73.500000 369.750000 156.600000
 1900    15     4    12 82.500000 392.250000 153.000000
 1901    15     4    13 84.000000 396.000000 152.400000
 1902    15     4    14 79.500000 384.750000 154.200000
 1903    15     4    15 76.500000 377.250000 155.400000
 1904    15     4    16 76.500000 377.250000 155.400000
 1905    15     4    17 82.500000 392.250000 153.000000
 1906    15     4    18 81.000000 388.500000 153.600000
 1907    15     4    19 78.000000 381.000000 154.800000
 1908    15     4    20 81.000000 388.500000 153.600000
 1909    15     4    21 81.000000 388.500000 153.600000
 1910    15     4    22 76.500000 377.250000 155.400000
 1911    15     4    23 84.000000 396.000000 152.400000
 1912    15     4    24 75.000000 373.500000 156.000000
 1913    15     4    25 73.500000 369.750000 156.600000
 1914    15     4    26 76.500000 377.250000 155.400000
 1915    15     4    27 75.000000 373.500000 156.000000
 1916    15     4    28 76.500000 377.250000 155.400000
 1917    15     4    29 81.000000 388.500000 153.600000
 1918    15     4    30 78.000000 381.000000 154.800000
 1919    15     4    31 76.500000 377.250000 155.400000
 1920    15     4    32 76.500000 377.250000 155.400000
 1921    16     1     1 73.500000 368.250000 155.100000
 1922    16     1     2 78.000000 378.000000 151.800000
 1923    16     1     3 79.500000 383.250000 152.700000
 1924    16     1     4 73.500000 368.250000 155.100000
 1925    16     1     5 76.500000 374.250000 152.400000
 1926    16     1     6 75.000000 370.500000 153.000000
 1927    16     1     7 76.500000 375.750000 153.900000
 1928    16     1     8 73.500000 366.750000 153.600000
 1929    16     1     9 79.500000 381.750000 151.200000
 1930    16     1    10 73.500000 366.750000 153.600000
 1931    16     1    11 76.500000 374.250000 152.400000
 1932    16     1    12 78.000000 379.500000 153.300000
 1933    16     1    13 75.000000 372.000000 154.500000
 1934    16     1    14 75.000000 370.500000 153.000000
 1935    16     1    15 75.000000 370.500000 153.000000
 1936    16     1    16 73.500000 368.250000 155.100000
 1937    16     1    17 81.000000 385.500000 150.600000
 1938    16     1    18 76.500000 375.750000 153.900000
 1939    16     1    19 75.000000 370.500000 153.000000
 1940    16     1    20 78.000000 378.000000 151.800000
 1941    16     1    21 76.285714 373.714286 152.485714
 1942    16     1    22 76.500000 374.250000 152.400000
 1943    16     1    23 78.000000 379.500000 153.300000
 1944    16     1    24 76.500000 374.250000 152.400000
 1945    16     1    25 72.000000 364.500000 155.700000
 1946    16     1    26 75.000000 370.500000 153.000000
 1947    16     1    27 76.500000 375.750000 153.900000
 1948    16     1    28 75.000000 370.500000 153.000000
 1949    16     1    29 76.500000 375.750000 153.900000
 1950    16     1    30 75.000000 370.500000 153.000000
 1951    16     1    31 73.500000 368.250000 155.100000
 1952    16     1    32 75.000000 370.500000 153.000000
 1953    16     2     1 69.000000 355.500000 155.400000
 1954    16     2     2 81.000000 385.500000 150.600000
 1955    16     2     3 81.000000 385.500000 150.600000
 1956    16     2     4 72.000000 363.000000 154.200000
 1957    16     2     5 75.000000 370.500000 153.000000
 1958    16     2     6 78.000000 378.000000 151.800000
 1959    16     2     7 75.000000 370.500000 153.000000
 1960    16     2     8 78.000000 378.000000 151.800000
 1961    16     2     9 78.000000 378.000000 151.800000
 1962    16     2    10 78.000000 378.000000 151.800000
 1963    16     2    11 75.000000 370.500000 153.000000
 1964    16     2    12 78.000000 378.000000 151.800000
 1965    16     2    13 78.000000 378.000000 151.800000
 1966    16     2    14 75.000000 370.500000 153.000000
 1967    16     2    15 76.500000 374.250000 152.400000
 1968    16     2    16 78.000000 378.000000 151.800000
 1969    16     2    17 73.500000 366.750000 153.600000
 1970    16     2    18 75.000000 370.500000 153.000000
 1971    16     2    19 75.000000 370.500000 153.000000
 1972    16     2    20 75.000000 370.500000 153.000000
 1973    16     2    21 75.000000 370.500000 153.000000
 1974    16     2    22 73.500000 366.750000 153.600000
 1975    16     2    23 73.500000 366.750000 153.600000
 1976    16     2    24 73.500000 366.750000 153.600000
 1977    16     2    25 75.000000 370.500000 153.000000
 1978    16     2    26 75.000000 370.500000 153.000000
 1979    16     2    27 78.000000 378.000000 151.800000
 1980    16     2    28 78.000000 378.000000 151.800000
 1981    16     2    29 75.000000 370.500000 153.000000
 1982    16     2    30 73.500000 366.750000 153.600000
 1983    16     2    31 72.000000 363.000000 154.200000
 1984    16     2    32 78.000000 378.000000 151.800000
 1985    16     3     1 87.000000 400.500000 148.200000
 1986    16     3     2 78.000000 378.000000 151.800000
 1987    16     3     3 76.500000 374.250000 152.400000
 1988    16     3     4 85.500000 396.750000 148.800000
 1989    16     3     5 85.500000 396.750000 148.800000
 1990    16     3     6 82.500000 389.250000 150.000000
 1991    16     3     7 81.000000 385.500000 150.600000
 1992    16     3     8 81.000000 385.500000 150.600000
 1993    16     3     9 82.500000 389.250000 150.000000
 1994    16     3    10 81.000000 385.500000 150.600000
 1995    16     3    11 82.500000 389.250000 150.000000
 1996    16     3    12 76.500000 374.250000 152.400000
 1997    16     3    13 79.500000 381.750000 151.200000
 1998    16     3    14 76.500000 374.250000 152.400000
 1999    16     3    15 78.000000 378.000000 151.800000
 2000    16     3    16 81.000000 385.500000 150.600000
 2001    16     3    17 79.500000 381.750000 151.200000
 2002    16     3    18 82.500000 389.250000 150.000000
 2003    16     3    19 76.500000 374.250000 152.400000
 2004    16     3    20 81.000000 385.500000 150.600000
 2005    16     3    21 79.500000 381.750000 151.200000
 2006    16     3    22 82.500000 389.250000 150.000000
 2007    16     3    23 76.500000 374.250000 152.400000
 2008    16     3    24 82.500000 389.250000 150.000000
 2009    16     3    25 87.000000 400.500000 148.200000
 2010    16     3    26 82.500000 389.250000 150.000000
 2011    16     3    27 82.500000 389.250000 150.000000
 2012    16     3    28 79.500000 381.750000 151.200000
 2013    16     3    29 76.500000 374.250000 152.400000
 2014    16     3    30 82.500000 389.250000 150.000000
 2015    16     3    31 75.000000 370.500000 153.000000
 2016    16     3    32 76.500000 374.250000 152.400000
 2017    16     4     1 79.500000 381.750000 151.200000
 2018    16     4     2 79.500000 381.750000 151.200000
 2019    16     4     3 79.500000 381.750000 151.200000
 2020    16     4     4 75.000000 370.500000 153.000000
 2021    16     4     5 79.500000 381.750000 151.200000
 2022    16     4     6 84.000000 393.000000 149.400000
 2023    16     4     7 79.500000 381.750000 151.200000
 2024    16     4     8 79.500000 381.750000 151.200000
 2025    16     4     9 79.500000 381.750000 151.200000
 2026    16     4    10 76.500000 374.250000 152.400000
 2027    16     4    11 79.500000 381.750000 151.200000
 2028    16     4    12 82.500000 389.250000 150.000000
 2029    16     4    13 76.500000 374.250000 152.400000
 2030    16     4    14 79.500000 381.750000 151.200000
 2031    16     4    15 76.500000 374.250000 152.400000
 2032    16     4    16 84.000000 393.000000 149.400000
 2033    16     4    17 76.500000 374.250000 152.400000
 2034    16     4    18 79.500000 381.750000 151.200000
 2035    16     4    19 81.000000 385.500000 150.600000
 2036    16     4    20 76.500000 374.250000 152.400000
 2037    16     4    21 79.500000 381.750000 151.200000
 2038    16     4    22 79.500000 381.750000 151.200000
 2039    16     4    23 81.000000 385.500000 150.600000
 2040    16     4    24 78.000000 378.000000 151.800000
 2041    16     4    25 78.000000 378.000000 151.800000
 2042    16     4    26 79.500000 381.750000 151.200000
 2043    16     4    27 81.000000 385.500000 150.600000
 2044    16     4    28 76.500000 374.250000 152.400000
 2045    16     4    29 75.000000 370.500000 153.000000
 2046    16     4    30 79.500000 381.750000 151.200000
 2047    16     4    31 79.500000 381.750000 151.200000
 2048    16     4    32 79.500000 381.750000 151.200000
 2049    17     1     1 76.200000 360.300000 139.320000
 2050    17     1     2 80.700000 371.550000 137.520000
 2051    17     1     3 80.700000 371.550000 137.520000
 2052    17     1     4 82.200000 375.300000 136.920000
 2053    17     1     5 80.700000 371.550000 137.520000
 2054    17     1     6 75.000000 363.000000 145.500000
 2055    17     1     7 82.200000 375.300000 136.920000
 2056    17     1     8 78.000000 370.500000 144.300000
 2057    17     1     9 85.200000 382.800000 135.720000
 2058    17     1    10 81.000000 378.000000 143.100000
 2059    17     1    11 83.700000 379.050000 136.320000
 2060    17     1    12 83.700000 379.050000 136.320000
 2061    17     1    13 80.700000 371.550000 137.520000
 2062    17     1    14 83.700000 379.050000 136.320000
 2063    17     1    15 86.700000 386.550000 135.120000
 2064    17     1    16 81.000000 378.000000 143.100000
 2065    17     1    17 80.700000 371.550000 137.520000
 2066    17     1    18 80.700000 371.550000 137.520000
 2067    17     1    19 80.700000 371.550000 137.520000
 2068    17     1    20 80.700000 371.550000 137.520000
 2069    17     1    21 80.500000 372.750000 139.300000
 2070    17     1    22 80.700000 371.550000 137.520000
 2071    17     1    23 78.000000 369.000000 142.800000
 2072    17     1    24 83.700000 379.050000 136.320000
 2073    17     1    25 80.700000 371.550000 137.520000
 2074    17     1    26 78.000000 370.500000 144.300000
 2075    17     1    27 82.200000 375.300000 136.920000
 2076    17     1    28 76.500000 366.750000 144.900000
 2077    17     1    29 80.700000 371.550000 137.520000
 2078    17     1    30 82.200000 375.300000 136.920000
 2079    17     1    31 80.700000 371.550000 137.520000
 2080    17     1    32 80.700000 371.550000 137.520000
 2081    17     2     1 70.500000 353.250000 148.800000
 2082    17     2     2 79.500000 375.750000 145.200000
 2083    17     2     3 78.000000 372.000000 145.800000
 2084    17     2     4 79.500000 375.750000 145.200000
 2085    17     2     5 81.000000 379.500000 144.600000
 2086    17     2     6 79.500000 375.750000 145.200000
 2087    17     2     7 81.000000 379.500000 144.600000
 2088    17     2     8 78.000000 372.000000 145.800000
 2089    17     2     9 79.500000 375.750000 145.200000
 2090    17     2    10 81.000000 379.500000 144.600000
 2091    17     2    11 85.500000 390.750000 142.800000
 2092    17     2    12 79.500000 375.750000 145.200000
 2093    17     2    13 78.000000 372.000000 145.800000
 2094    17     2    14 78.000000 372.000000 145.800000
 2095    17     2    15 76.500000 368.250000 146.400000
 2096    17     2    16 79.500000 375.750000 145.200000
 2097    17     2    17 78.000000 372.000000 145.800000
 2098    17     2    18 79.500000 375.750000 145.200000
 2099    17     2    19 75.000000 364.500000 147.000000
 2100    17     2    20 75.000000 364.500000 147.000000
 2101    17     2    21 78.000000 372.000000 145.800000
 2102    17     2    22 79.500000 375.750000 145.200000
 2103    17     2    23 78.000000 372.000000 145.800000
 2104    17     2    24 79.500000 375.750000 145.200000
 2105    17     2    25 78.000000 372.000000 145.800000
 2106    17     2    26 82.500000 383.250000 144.000000
 2107    17     2    27 75.000000 364.500000 147.000000
 2108    17     2    28 79.500000 375.750000 145.200000
 2109    17     2    29 73.500000 360.750000 147.600000
 2110    17     2    30 76.500000 368.250000 146.400000
 2111    17     2    31 75.000000 364.500000 147.000000
 2112    17     2    32 82.500000 383.250000 144.000000
 2113    17     3     1 77.500000 365.250000 140.500000
 2114    17     3     2 83.500000 380.250000 138.100000
 2115    17     3     3 82.000000 376.500000 138.700000
 2116    17     3     4 77.500000 365.250000 140.500000
 2117    17     3     5 83.500000 380.250000 138.100000
 2118    17     3     6 77.500000 365.250000 140.500000
 2119    17     3     7 82.000000 376.500000 138.700000
 2120    17     3     8 80.500000 372.750000 139.300000
 2121    17     3     9 89.500000 395.250000 135.700000
 2122    17     3    10 80.500000 372.750000 139.300000
 2123    17     3    11 82.000000 376.500000 138.700000
 2124    17     3    12 89.500000 395.250000 135.700000
 2125    17     3    13 85.000000 384.000000 137.500000
 2126    17     3    14 85.000000 384.000000 137.500000
 2127    17     3    15 89.500000 395.250000 135.700000
 2128    17     3    16 78.000000 372.000000 145.800000
 2129    17     3    17 80.500000 372.750000 139.300000
 2130    17     3    18 82.000000 376.500000 138.700000
 2131    17     3    19 82.000000 376.500000 138.700000
 2132    17     3    20 85.000000 384.000000 137.500000
 2133    17     3    21 80.500000 372.750000 139.300000
 2134    17     3    22 83.500000 380.250000 138.100000
 2135    17     3    23 82.000000 376.500000 138.700000
 2136    17     3    24 85.000000 384.000000 137.500000
 2137    17     3    25 79.000000 369.000000 139.900000
 2138    17     3    26 77.500000 365.250000 140.500000
 2139    17     3    27 86.500000 387.750000 136.900000
 2140    17     3    28 85.000000 384.000000 137.500000
 2141    17     3    29 77.500000 365.250000 140.500000
 2142    17     3    30 80.500000 372.750000 139.300000
 2143    17     3    31 80.500000 372.750000 139.300000
 2144    17     3    32 79.000000 369.000000 139.900000
 2145    17     4     1 78.000000 372.000000 145.800000
 2146    17     4     2 79.500000 375.750000 145.200000
 2147    17     4     3 82.500000 383.250000 144.000000
 2148    17     4     4 78.000000 372.000000 145.800000
 2149    17     4     5 82.500000 384.750000 145.500000
 2150    17     4     6 79.500000 375.750000 145.200000
 2151    17     4     7 82.500000 383.250000 144.000000
 2152    17     4     8 82.500000 383.250000 144.000000
 2153    17     4     9 82.500000 383.250000 144.000000
 2154    17     4    10 76.500000 368.250000 146.400000
 2155    17     4    11 81.000000 379.500000 144.600000
 2156    17     4    12 78.000000 372.000000 145.800000
 2157    17     4    13 76.500000 368.250000 146.400000
 2158    17     4    14 73.500000 360.750000 147.600000
 2159    17     4    15 79.500000 375.750000 145.200000
 2160    17     4    16 76.500000 369.750000 147.900000
 2161    17     4    17 79.500000 375.750000 145.200000
 2162    17     4    18 76.500000 368.250000 146.400000
 2163    17     4    19 82.500000 383.250000 144.000000
 2164    17     4    20 75.000000 364.500000 147.000000
 2165    17     4    21 76.500000 368.250000 146.400000
 2166    17     4    22 76.500000 368.250000 146.400000
 2167    17     4    23 82.500000 383.250000 144.000000
 2168    17     4    24 76.500000 368.250000 146.400000
 2169    17     4    25 81.000000 379.500000 144.600000
 2170    17     4    26 76.500000 368.250000 146.400000
 2171    17     4    27 73.500000 360.750000 147.600000
 2172    17     4    28 75.000000 364.500000 147.000000
 2173    17     4    29 73.500000 360.750000 147.600000
 2174    17     4    30 76.500000 368.250000 146.400000
 2175    17     4    31 76.500000 368.250000 146.400000
 2176    17     4    32 76.500000 368.250000 146.400000
 2177    18     1     1 78.000000 376.500000 150.300000
 2178    18     1     2 81.000000 384.000000 149.100000
 2179    18     1     3 82.500000 387.750000 148.500000
 2180    18     1     4 84.000000 390.000000 146.400000
 2181    18     1     5 79.500000 380.250000 149.700000
 2182    18     1     6 85.500000 393.750000 145.800000
 2183    18     1     7 85.500000 395.250000 147.300000
 2184    18     1     8 82.500000 386.250000 147.000000
 2185    18     1     9 84.000000 390.000000 146.400000
 2186    18     1    10 79.500000 378.750000 148.200000
 2187    18     1    11 81.000000 382.500000 147.600000
 2188    18     1    12 82.500000 386.250000 147.000000
 2189    18     1    13     -nan     -nan -nan
 2190    18     1    14 87.000000 399.000000 146.700000
 2191    18     1    15 85.500000 393.750000 145.800000
 2192    18     1    16 84.000000 391.500000 147.900000
 2193    18     1    17 78.000000 375.000000 148.800000
 2194    18     1    18 82.500000 386.250000 147.000000
 2195    18     1    19 84.000000 390.000000 146.400000
 2196    18     1    20 82.500000 386.250000 147.000000
 2197    18     1    21 84.000000 390.000000 146.400000
 2198    18     1    22 87.000000 397.500000 145.200000
 2199    18     1    23 79.500000 378.750000 148.200000
 2200    18     1    24 84.000000 390.000000 146.400000
 2201    18     1    25 82.500000 386.250000 147.000000
 2202    18     1    26 82.500000 386.250000 147.000000
 2203    18     1    27 79.500000 380.250000 149.700000
 2204    18     1    28 84.000000 390.000000 146.400000
 2205    18     1    29 84.000000 390.000000 146.400000
 2206    18     1    30 87.000000 397.500000 145.200000
 2207    18     1    31 87.000000 397.500000 145.200000
 2208    18     1    32 87.000000 399.000000 146.700000
 2209    18     2     1 81.000000 382.500000 147.600000
 2210    18     2     2 85.500000 393.750000 145.800000
 2211    18     2     3 84.000000 390.000000 146.400000
 2212    18     2     4 82.500000 386.250000 147.000000
 2213    18     2     5 85.500000 393.750000 145.800000
 2214    18     2     6 82.500000 386.250000 147.000000
 2215    18     2     7 84.000000 390.000000 146.400000
 2216    18     2     8 81.000000 382.500000 147.600000
 2217    18     2     9 84.000000 390.000000 146.400000
 2218    18     2    10 79.500000 378.750000 148.200000
 2219    18     2    11 82.500000 386.250000 147.000000
 2220    18     2    12 84.000000 390.000000 146.400000
 2221    18     2    13 81.000000 382.500000 147.600000
 2222    18     2    14 82.500000 386.250000 147.000000
 2223    18     2    15 82.500000 386.250000 147.000000
 2224    18     2    16 81.000000 382.500000 147.600000
 2225    18     2    17 81.000000 382.500000 147.600000
 2226    18     2    18 85.500000 393.750000 145.800000
 2227    18     2    19 81.000000 382.500000 147.600000
 2228    18     2    20 85.500000 393.750000 145.800000
 2229    18     2    21 81.000000 382.500000 147.600000
 2230    18     2    22 79.500000 378.750000 148.200000
 2231    18     2    23 76.500000 371.250000 149.400000
 2232    18     2    24 84.000000 390.000000 146.400000
 2233    18     2    25 84.000000 390.000000 146.400000
 2234    18     2    26 79.500000 378.750000 148.200000
 2235    18     2    27 79.500000 378.750000 148.200000
 2236    18     2    28 76.500000 371.250000 149.400000
 2237    18     2    29 78.000000 375.000000 148.800000
 2238    18     2    30 81.000000 382.500000 147.600000
 2239    18     2    31 84.000000 390.000000 146.400000
 2240    18     2    32 79.500000 378.750000 148.200000
 2241    18     3     1 87.000000 400.500000 148.200000
 2242    18     3     2 81.000000 385.500000 150.600000
 2243    18     3     3 82.500000 389.250000 150.000000
 2244    18     3     4 82.500000 389.250000 150.000000
 2245    18     3     5 84.000000 393.000000 149.400000
 2246    18     3     6 82.500000 389.250000 150.000000
 2247    18     3     7 81.000000 385.500000 150.600000
 2248    18     3     8 82.500000 389.250000 150.000000
 2249    18     3     9 85.500000 396.750000 148.800000
 2250    18     3    10 78.000000 378.000000 151.800000
 2251    18     3    11 81.000000 385.500000 150.600000
 2252    18     3    12 84.000000 393.000000 149.400000
 2253    18     3    13 82.500000 389.250000 150.000000
 2254    18     3    14 82.500000 389.250000 150.000000
 2255    18     3    15 81.000000 385.500000 150.600000
 2256    18     3    16 79.500000 381.750000 151.200000
 2257    18     3    17 81.000000 385.500000 150.600000
 2258    18     3    18 82.500000 389.250000 150.000000
 2259    18     3    19 82.500000 389.250000 150.000000
 2260    18     3    20 82.500000 389.250000 150.000000
 2261    18     3    21 79.500000 381.750000 151.200000
 2262    18     3    22 81.000000 385.500000 150.600000
 2263    18     3    23 82.500000 389.250000 150.000000
 2264    18     3    24 82.500000 389.250000 150.000000
 2265    18     3    25 84.000000 393.000000 149.400000
 2266    18     3    26 76.500000 374.250000 152.400000
 2267    18     3    27 81.000000 385.500000 150.600000
 2268    18     3    28 82.500000 389.250000 150.000000
 2269    18     3    29 78.000000 378.000000 151.800000
 2270    18     3    30 79.500000 381.750000 151.200000
 2271    18     3    31 79.500000 381.750000 151.200000
 2272    18     3    32 79.500000 381.750000 151.200000
 2273    18     4     1 85.500000 396.750000 148.800000
 2274    18     4     2 84.000000 393.000000 149.400000
 2275    18     4     3 84.000000 393.000000 149.400000
 2276    18     4     4 82.500000 389.250000 150.000000
 2277    18     4     5 87.000000 400.500000 148.200000
 2278    18     4     6 82.500000 389.250000 150.000000
 2279    18     4     7 85.500000 396.750000 148.800000
 2280    18     4     8 85.500000 396.750000 148.800000
 2281    18     4     9 82.500000 389.250000 150.000000
 2282    18     4    10 87.000000 400.500000 148.200000
 2283    18     4    11 79.500000 381.750000 151.200000
 2284    18     4    12 87.000000 400.500000 148.200000
 2285    18     4    13 85.500000 396.750000 148.800000
 2286    18     4    14 84.000000 393.000000 149.400000
 2287    18     4    15 85.500000 396.750000 148.800000
 2288    18     4    16 81.000000 387.000000 152.100000
 2289    18     4    17 84.000000 393.000000 149.400000
 2290    18     4    18 82.500000 389.250000 150.000000
 2291    18     4    19 79.500000 381.750000 151.200000
 2292    18     4    20 79.500000 381.750000 151.200000
 2293    18     4    21 82.500000 389.250000 150.000000
 2294    18     4    22 81.000000 385.500000 150.600000
 2295    18     4    23 82.500000 389.250000 150.000000
 2296    18     4    24 81.000000 385.500000 150.600000
 2297    18     4    25 82.500000 389.250000 150.000000
 2298    18     4    26 84.000000 393.000000 149.400000
 2299    18     4    27 81.000000 385.500000 150.600000
 2300    18     4    28 82.500000 389.250000 150.000000
 2301    18     4    29 84.000000 393.000000 149.400000
 2302    18     4    30 84.000000 393.000000 149.400000
 2303    18     4    31 81.000000 385.500000 150.600000
 2304    18     4    32 82.500000 389.250000 150.000000
