    1     1     1     1 126.000000 480.000000 114.600000
    2     1     1     2 124.500000 476.250000 115.200000
    3     1     1     3 124.500000 476.250000 115.200000
    4     1     1     4 117.000000 463.500000 124.200000
    5     1     1     5 126.000000 480.000000 114.600000
    6     1     1     6 115.500000 459.750000 124.800000
    7     1     1     7 124.500000 476.250000 115.200000
    8     1     1     8 120.000000 471.000000 123.000000
    9     1     1     9 129.000000 487.500000 113.400000
   10     1     1    10 118.500000 467.250000 123.600000
   11     1     1    11 127.500000 483.750000 114.000000
   12     1     1    12 118.500000 467.250000 123.600000
   13     1     1    13 129.000000 487.500000 113.400000
   14     1     1    14 124.500000 476.250000 115.200000
   15     1     1    15 123.000000 472.500000 115.800000
   16     1     1    16 125.700000 481.050000 116.520000
   17     1     1    17 124.500000 476.250000 115.200000
   18     1     1    18 121.500000 474.750000 122.400000
   19     1     1    19 127.500000 483.750000 114.000000
   20     1     1    20 121.500000 474.750000 122.400000
   21     1     1    21 120.000000 471.000000 123.000000
   22     1     1    22 123.000000 478.500000 121.800000
   23     1     1    23 120.000000 471.000000 123.000000
   24     1     1    24 121.500000 474.750000 122.400000
   25     1     1    25 120.000000 471.000000 123.000000
   26     1     1    26 120.000000 471.000000 123.000000
   27     1     1    27 120.000000 471.000000 123.000000
   28     1     1    28 120.000000 471.000000 123.000000
   29     1     1    29 124.500000 482.250000 121.200000
   30     1     1    30 118.500000 467.250000 123.600000
   31     1     1    31 118.500000 467.250000 123.600000
   32     1     1    32 126.000000 480.000000 114.600000
   33     1     2     1 121.500000 468.750000 116.400000
   34     1     2     2 126.000000 480.000000 114.600000
   35     1     2     3 123.000000 472.500000 115.800000
   36     1     2     4 123.000000 480.000000 123.300000
   37     1     2     5 129.000000 487.500000 113.400000
   38     1     2     6 128.700000 488.550000 115.320000
   39     1     2     7 130.200000 492.300000 114.720000
   40     1     2     8 117.000000 465.000000 125.700000
   41     1     2     9 127.500000 483.750000 114.000000
   42     1     2    10 125.700000 481.050000 116.520000
   43     1     2    11 129.000000 487.500000 113.400000
   44     1     2    12 121.500000 476.250000 123.900000
   45     1     2    13 124.200000 477.300000 117.120000
   46     1     2    14 124.200000 477.300000 117.120000
   47     1     2    15 128.700000 488.550000 115.320000
   48     1     2    16 122.700000 473.550000 117.720000
   49     1     2    17 127.200000 484.800000 115.920000
   50     1     2    18 124.285714 477.428571 117.000000
   51     1     2    19 126.000000 480.000000 114.600000
   52     1     2    20 127.500000 483.750000 114.000000
   53     1     2    21 114.000000 457.500000 126.900000
   54     1     2    22 123.000000 472.500000 115.800000
   55     1     2    23 125.700000 481.050000 116.520000
   56     1     2    24 120.000000 471.000000 123.000000
   57     1     2    25 120.000000 472.500000 124.500000
   58     1     2    26 117.000000 463.500000 124.200000
   59     1     2    27 120.000000 472.500000 124.500000
   60     1     2    28 123.000000 472.500000 115.800000
   61     1     2    29 117.000000 465.000000 125.700000
   62     1     2    30 128.700000 488.550000 115.320000
   63     1     2    31 124.500000 476.250000 115.200000
   64     1     2    32 123.000000 472.500000 115.800000
   65     1     3     1 118.500000 473.250000 129.600000
   66     1     3     2 117.000000 471.000000 131.700000
   67     1     3     3 118.500000 474.750000 131.100000
   68     1     3     4 120.000000 477.000000 129.000000
   69     1     3     5 118.500000 474.750000 131.100000
   70     1     3     6 117.000000 469.500000 130.200000
   71     1     3     7 115.500000 468.750000 133.800000
   72     1     3     8 121.500000 480.750000 128.400000
   73     1     3     9 115.500000 467.250000 132.300000
   74     1     3    10 120.000000 477.000000 129.000000
   75     1     3    11 120.000000 477.000000 129.000000
   76     1     3    12 117.000000 469.500000 130.200000
   77     1     3    13 118.500000 474.750000 131.100000
   78     1     3    14 117.000000 472.500000 133.200000
   79     1     3    15 115.500000 467.250000 132.300000
   80     1     3    16 114.000000 465.000000 134.400000
   81     1     3    17 117.000000 469.500000 130.200000
   82     1     3    18 120.000000 477.000000 129.000000
   83     1     3    19 115.500000 467.250000 132.300000
   84     1     3    20 117.000000 469.500000 130.200000
   85     1     3    21 117.000000 469.500000 130.200000
   86     1     3    22 120.000000 477.000000 129.000000
   87     1     3    23 114.000000 462.000000 131.400000
   88     1     3    24 115.500000 465.750000 130.800000
   89     1     3    25 114.000000 463.500000 132.900000
   90     1     3    26 115.500000 465.750000 130.800000
   91     1     3    27 112.500000 458.250000 132.000000
   92     1     3    28 114.000000 465.000000 134.400000
   93     1     3    29 120.000000 477.000000 129.000000
   94     1     3    30 118.500000 473.250000 129.600000
   95     1     3    31 114.000000 462.000000 131.400000
   96     1     3    32 111.000000 456.000000 134.100000
   97     1     4     1 115.500000 465.750000 130.800000
   98     1     4     2 115.500000 465.750000 130.800000
   99     1     4     3 115.500000 465.750000 130.800000
  100     1     4     4 115.500000 465.750000 130.800000
  101     1     4     5 117.000000 469.500000 130.200000
  102     1     4     6 118.500000 473.250000 129.600000
  103     1     4     7 117.000000 469.500000 130.200000
  104     1     4     8 112.500000 458.250000 132.000000
  105     1     4     9 118.500000 473.250000 129.600000
  106     1     4    10 112.500000 458.250000 132.000000
  107     1     4    11 112.500000 458.250000 132.000000
  108     1     4    12 120.000000 477.000000 129.000000
  109     1     4    13 114.000000 462.000000 131.400000
  110     1     4    14 118.500000 473.250000 129.600000
  111     1     4    15 118.500000 473.250000 129.600000
  112     1     4    16 115.500000 465.750000 130.800000
  113     1     4    17 114.000000 462.000000 131.400000
  114     1     4    18 112.500000 458.250000 132.000000
  115     1     4    19 114.000000 462.000000 131.400000
  116     1     4    20 120.000000 477.000000 129.000000
  117     1     4    21 111.000000 454.500000 132.600000
  118     1     4    22 112.500000 458.250000 132.000000
  119     1     4    23 114.000000 462.000000 131.400000
  120     1     4    24 111.000000 454.500000 132.600000
  121     1     4    25 117.000000 469.500000 130.200000
  122     1     4    26 114.000000 462.000000 131.400000
  123     1     4    27 117.000000 469.500000 130.200000
  124     1     4    28 112.500000 458.250000 132.000000
  125     1     4    29 114.000000 462.000000 131.400000
  126     1     4    30 112.500000 458.250000 132.000000
  127     1     4    31 112.500000 458.250000 132.000000
  128     1     4    32 112.500000 458.250000 132.000000
  129     2     1     1 115.500000 471.750000 136.800000
  130     2     1     2 111.000000 460.500000 138.600000
  131     2     1     3 111.000000 460.500000 138.600000
  132     2     1     4 114.000000 468.000000 137.400000
  133     2     1     5 114.000000 468.000000 137.400000
  134     2     1     6 114.000000 468.000000 137.400000
  135     2     1     7 114.000000 468.000000 137.400000
  136     2     1     8 114.000000 468.000000 137.400000
  137     2     1     9 114.000000 468.000000 137.400000
  138     2     1    10 117.000000 475.500000 136.200000
  139     2     1    11 109.500000 456.750000 139.200000
  140     2     1    12 117.000000 475.500000 136.200000
  141     2     1    13 115.500000 471.750000 136.800000
  142     2     1    14 118.500000 479.250000 135.600000
  143     2     1    15 121.500000 486.750000 134.400000
  144     2     1    16 121.500000 486.750000 134.400000
  145     2     1    17 114.000000 468.000000 137.400000
  146     2     1    18 112.500000 464.250000 138.000000
  147     2     1    19 120.000000 483.000000 135.000000
  148     2     1    20 117.000000 475.500000 136.200000
  149     2     1    21 111.000000 460.500000 138.600000
  150     2     1    22 114.000000 468.000000 137.400000
  151     2     1    23 117.000000 475.500000 136.200000
  152     2     1    24 115.500000 471.750000 136.800000
  153     2     1    25 115.500000 471.750000 136.800000
  154     2     1    26 115.500000 471.750000 136.800000
  155     2     1    27 109.500000 456.750000 139.200000
  156     2     1    28 114.000000 468.000000 137.400000
  157     2     1    29 112.500000 464.250000 138.000000
  158     2     1    30 118.500000 479.250000 135.600000
  159     2     1    31 121.500000 486.750000 134.400000
  160     2     1    32 117.000000 475.500000 136.200000
  161     2     2     1 105.000000 448.500000 144.000000
  162     2     2     2 120.000000 486.000000 138.000000
  163     2     2     3 121.500000 489.750000 137.400000
  164     2     2     4 114.000000 471.000000 140.400000
  165     2     2     5 112.500000 467.250000 141.000000
  166     2     2     6 112.500000 467.250000 141.000000
  167     2     2     7 109.500000 459.750000 142.200000
  168     2     2     8 114.000000 471.000000 140.400000
  169     2     2     9 114.000000 471.000000 140.400000
  170     2     2    10 114.000000 471.000000 140.400000
  171     2     2    11 111.000000 463.500000 141.600000
  172     2     2    12 112.500000 467.250000 141.000000
  173     2     2    13 115.500000 474.750000 139.800000
  174     2     2    14 109.500000 459.750000 142.200000
  175     2     2    15 111.000000 463.500000 141.600000
  176     2     2    16 111.000000 463.500000 141.600000
  177     2     2    17 112.500000 467.250000 141.000000
  178     2     2    18 118.500000 482.250000 138.600000
  179     2     2    19 109.500000 459.750000 142.200000
  180     2     2    20 109.500000 459.750000 142.200000
  181     2     2    21 114.000000 471.000000 140.400000
  182     2     2    22 109.500000 459.750000 142.200000
  183     2     2    23 111.000000 463.500000 141.600000
  184     2     2    24 108.000000 456.000000 142.800000
  185     2     2    25 109.500000 459.750000 142.200000
  186     2     2    26 109.500000 459.750000 142.200000
  187     2     2    27 109.500000 459.750000 142.200000
  188     2     2    28 112.500000 467.250000 141.000000
  189     2     2    29 109.500000 459.750000 142.200000
  190     2     2    30 106.500000 452.250000 143.400000
  191     2     2    31 108.000000 456.000000 142.800000
  192     2     2    32 111.000000 463.500000 141.600000
  193     2     3     1 120.000000 481.500000 133.500000
  194     2     3     2 115.500000 471.750000 136.800000
  195     2     3     3 114.000000 468.000000 137.400000
  196     2     3     4 114.000000 468.000000 137.400000
  197     2     3     5 112.500000 464.250000 138.000000
  198     2     3     6 115.500000 470.250000 135.300000
  199     2     3     7 117.000000 475.500000 136.200000
  200     2     3     8 115.500000 470.250000 135.300000
  201     2     3     9 114.000000 468.000000 137.400000
  202     2     3    10 112.500000 462.750000 136.500000
  203     2     3    11 120.000000 483.000000 135.000000
  204     2     3    12 114.000000 468.000000 137.400000
  205     2     3    13 111.000000 460.500000 138.600000
  206     2     3    14 117.000000 475.500000 136.200000
  207     2     3    15 118.500000 479.250000 135.600000
  208     2     3    16 118.500000 479.250000 135.600000
  209     2     3    17 117.000000 475.500000 136.200000
  210     2     3    18 115.500000 471.750000 136.800000
  211     2     3    19 111.000000 460.500000 138.600000
  212     2     3    20 114.000000 468.000000 137.400000
  213     2     3    21 114.000000 468.000000 137.400000
  214     2     3    22 117.000000 475.500000 136.200000
  215     2     3    23 118.500000 477.750000 134.100000
  216     2     3    24 114.000000 468.000000 137.400000
  217     2     3    25 112.500000 464.250000 138.000000
  218     2     3    26 111.000000 460.500000 138.600000
  219     2     3    27 117.000000 474.000000 134.700000
  220     2     3    28 112.500000 464.250000 138.000000
  221     2     3    29 115.500000 470.250000 135.300000
  222     2     3    30 118.500000 479.250000 135.600000
  223     2     3    31 112.500000 464.250000 138.000000
  224     2     3    32 111.000000 460.500000 138.600000
  225     2     4     1 115.500000 474.750000 139.800000
  226     2     4     2 121.500000 489.750000 137.400000
  227     2     4     3 118.500000 482.250000 138.600000
  228     2     4     4 115.500000 474.750000 139.800000
  229     2     4     5 114.000000 471.000000 140.400000
  230     2     4     6 114.000000 471.000000 140.400000
  231     2     4     7 120.000000 486.000000 138.000000
  232     2     4     8 114.000000 471.000000 140.400000
  233     2     4     9 114.000000 471.000000 140.400000
  234     2     4    10 117.000000 478.500000 139.200000
  235     2     4    11 117.000000 478.500000 139.200000
  236     2     4    12 118.500000 482.250000 138.600000
  237     2     4    13 117.000000 478.500000 139.200000
  238     2     4    14 117.000000 478.500000 139.200000
  239     2     4    15 115.500000 474.750000 139.800000
  240     2     4    16 117.000000 478.500000 139.200000
  241     2     4    17 114.000000 471.000000 140.400000
  242     2     4    18 118.500000 482.250000 138.600000
  243     2     4    19 111.000000 463.500000 141.600000
  244     2     4    20 114.000000 471.000000 140.400000
  245     2     4    21 120.000000 486.000000 138.000000
  246     2     4    22 118.500000 482.250000 138.600000
  247     2     4    23 114.000000 471.000000 140.400000
  248     2     4    24 111.000000 463.500000 141.600000
  249     2     4    25 117.000000 478.500000 139.200000
  250     2     4    26 114.000000 471.000000 140.400000
  251     2     4    27 114.000000 471.000000 140.400000
  252     2     4    28 118.500000 482.250000 138.600000
  253     2     4    29 112.500000 467.250000 141.000000
  254     2     4    30 114.000000 471.000000 140.400000
  255     2     4    31 117.000000 478.500000 139.200000
  256     2     4    32 114.000000 471.000000 140.400000
  257     3     1     1 120.000000 486.000000 138.000000
  258     3     1     2 118.500000 482.250000 138.600000
  259     3     1     3 118.500000 482.250000 138.600000
  260     3     1     4 120.000000 486.000000 138.000000
  261     3     1     5 109.500000 459.750000 142.200000
  262     3     1     6 256.500000 887.250000 143.400000
  263     3     1     7 112.500000 467.250000 141.000000
  264     3     1     8 114.000000 471.000000 140.400000
  265     3     1     9 118.500000 482.250000 138.600000
  266     3     1    10 121.500000 489.750000 137.400000
  267     3     1    11 115.500000 474.750000 139.800000
  268     3     1    12 114.000000 471.000000 140.400000
  269     3     1    13 118.500000 482.250000 138.600000
  270     3     1    14 120.000000 486.000000 138.000000
  271     3     1    15 114.000000 471.000000 140.400000
  272     3     1    16 114.000000 471.000000 140.400000
  273     3     1    17 118.500000 482.250000 138.600000
  274     3     1    18 112.500000 467.250000 141.000000
  275     3     1    19 111.000000 463.500000 141.600000
  276     3     1    20 115.500000 474.750000 139.800000
  277     3     1    21 117.000000 478.500000 139.200000
  278     3     1    22 120.000000 486.000000 138.000000
  279     3     1    23 115.500000 474.750000 139.800000
  280     3     1    24 114.000000 471.000000 140.400000
  281     3     1    25 112.500000 467.250000 141.000000
  282     3     1    26 109.500000 459.750000 142.200000
  283     3     1    27 121.500000 489.750000 137.400000
  284     3     1    28 114.000000 471.000000 140.400000
  285     3     1    29 120.000000 486.000000 138.000000
  286     3     1    30 114.000000 471.000000 140.400000
  287     3     1    31 114.000000 471.000000 140.400000
  288     3     1    32 114.000000 471.000000 140.400000
  289     3     2     1 112.500000 467.250000 141.000000
  290     3     2     2 127.500000 504.750000 135.000000
  291     3     2     3 123.000000 493.500000 136.800000
  292     3     2     4 114.000000 471.000000 140.400000
  293     3     2     5 124.500000 497.250000 136.200000
  294     3     2     6 120.000000 486.000000 138.000000
  295     3     2     7 118.500000 482.250000 138.600000
  296     3     2     8 121.500000 489.750000 137.400000
  297     3     2     9 123.000000 493.500000 136.800000
  298     3     2    10 112.500000 467.250000 141.000000
  299     3     2    11 118.500000 482.250000 138.600000
  300     3     2    12 112.500000 467.250000 141.000000
  301     3     2    13 117.000000 478.500000 139.200000
  302     3     2    14 123.000000 493.500000 136.800000
  303     3     2    15 115.500000 474.750000 139.800000
  304     3     2    16 118.500000 482.250000 138.600000
  305     3     2    17 120.000000 486.000000 138.000000
  306     3     2    18 111.000000 463.500000 141.600000
  307     3     2    19 114.000000 471.000000 140.400000
  308     3     2    20 121.500000 489.750000 137.400000
  309     3     2    21 109.500000 459.750000 142.200000
  310     3     2    22 114.000000 471.000000 140.400000
  311     3     2    23 160.500000 645.750000 180.300000
  312     3     2    24 114.000000 471.000000 140.400000
  313     3     2    25 114.000000 471.000000 140.400000
  314     3     2    26 111.000000 463.500000 141.600000
  315     3     2    27 115.500000 474.750000 139.800000
  316     3     2    28 118.500000 482.250000 138.600000
  317     3     2    29 112.500000 467.250000 141.000000
  318     3     2    30 112.500000 467.250000 141.000000
  319     3     2    31 111.000000 463.500000 141.600000
  320     3     2    32 118.500000 482.250000 138.600000
  321     3     3     1 115.500000 476.250000 141.300000
  322     3     3     2 112.500000 468.750000 142.500000
  323     3     3     3 115.500000 476.250000 141.300000
  324     3     3     4 118.500000 483.750000 140.100000
  325     3     3     5 112.500000 468.750000 142.500000
  326     3     3     6 117.000000 480.000000 140.700000
  327     3     3     7 118.500000 483.750000 140.100000
  328     3     3     8 115.500000 476.250000 141.300000
  329     3     3     9 114.000000 472.500000 141.900000
  330     3     3    10 120.000000 487.500000 139.500000
  331     3     3    11 118.500000 483.750000 140.100000
  332     3     3    12 120.000000 487.500000 139.500000
  333     3     3    13 120.000000 487.500000 139.500000
  334     3     3    14 120.000000 487.500000 139.500000
  335     3     3    15 118.500000 483.750000 140.100000
  336     3     3    16 121.500000 491.250000 138.900000
  337     3     3    17 115.500000 476.250000 141.300000
  338     3     3    18 121.500000 491.250000 138.900000
  339     3     3    19 117.000000 480.000000 140.700000
  340     3     3    20 118.500000 483.750000 140.100000
  341     3     3    21 115.500000 476.250000 141.300000
  342     3     3    22 121.500000 491.250000 138.900000
  343     3     3    23 114.000000 472.500000 141.900000
  344     3     3    24 120.000000 487.500000 139.500000
  345     3     3    25 126.000000 502.500000 137.100000
  346     3     3    26 115.500000 476.250000 141.300000
  347     3     3    27 115.500000 476.250000 141.300000
  348     3     3    28 123.000000 495.000000 138.300000
  349     3     3    29 123.000000 495.000000 138.300000
  350     3     3    30 121.500000 491.250000 138.900000
  351     3     3    31 117.000000 480.000000 140.700000
  352     3     3    32 121.500000 491.250000 138.900000
  353     3     4     1 118.500000 480.750000 137.100000
  354     3     4     2 118.500000 480.750000 137.100000
  355     3     4     3 121.500000 486.750000 134.400000
  356     3     4     4 118.500000 480.750000 137.100000
  357     3     4     5 120.000000 483.000000 135.000000
  358     3     4     6 111.000000 460.500000 138.600000
  359     3     4     7 115.500000 471.750000 136.800000
  360     3     4     8 115.500000 471.750000 136.800000
  361     3     4     9 114.000000 469.500000 138.900000
  362     3     4    10 118.500000 480.750000 137.100000
  363     3     4    11 114.000000 469.500000 138.900000
  364     3     4    12 117.000000 475.500000 136.200000
  365     3     4    13 121.500000 488.250000 135.900000
  366     3     4    14 117.000000 477.000000 137.700000
  367     3     4    15 118.500000 480.750000 137.100000
  368     3     4    16 115.500000 473.250000 138.300000
  369     3     4    17 117.000000 477.000000 137.700000
  370     3     4    18 118.500000 480.750000 137.100000
  371     3     4    19 109.500000 456.750000 139.200000
  372     3     4    20 120.000000 483.000000 135.000000
  373     3     4    21 114.000000 468.000000 137.400000
  374     3     4    22 115.500000 471.750000 136.800000
  375     3     4    23 121.500000 488.250000 135.900000
  376     3     4    24 123.000000 490.500000 133.800000
  377     3     4    25 115.500000 473.250000 138.300000
  378     3     4    26 117.000000 475.500000 136.200000
  379     3     4    27 117.000000 475.500000 136.200000
  380     3     4    28 112.500000 464.250000 138.000000
  381     3     4    29 169.500000 663.750000 172.200000
  382     3     4    30 118.500000 480.750000 137.100000
  383     3     4    31 118.500000 480.750000 137.100000
  384     3     4    32 117.000000 475.500000 136.200000
  385     4     1     1 120.000000 481.500000 133.500000
  386     4     1     2 109.500000 455.250000 137.700000
  387     4     1     3 112.500000 462.750000 136.500000
  388     4     1     4 114.000000 466.500000 135.900000
  389     4     1     5 118.500000 477.750000 134.100000
  390     4     1     6 120.000000 481.500000 133.500000
  391     4     1     7 115.500000 470.250000 135.300000
  392     4     1     8 114.000000 466.500000 135.900000
  393     4     1     9 115.500000 470.250000 135.300000
  394     4     1    10 117.000000 474.000000 134.700000
  395     4     1    11 114.000000 466.500000 135.900000
  396     4     1    12 123.000000 489.000000 132.300000
  397     4     1    13 118.500000 477.750000 134.100000
  398     4     1    14 115.500000 470.250000 135.300000
  399     4     1    15 120.000000 481.500000 133.500000
  400     4     1    16 114.000000 466.500000 135.900000
  401     4     1    17 112.500000 462.750000 136.500000
  402     4     1    18 112.500000 462.750000 136.500000
  403     4     1    19 115.500000 470.250000 135.300000
  404     4     1    20 117.000000 474.000000 134.700000
  405     4     1    21 111.000000 459.000000 137.100000
  406     4     1    22 112.500000 462.750000 136.500000
  407     4     1    23 112.500000 462.750000 136.500000
  408     4     1    24 120.000000 481.500000 133.500000
  409     4     1    25 120.000000 481.500000 133.500000
  410     4     1    26 120.000000 481.500000 133.500000
  411     4     1    27 117.000000 474.000000 134.700000
  412     4     1    28 115.500000 470.250000 135.300000
  413     4     1    29 111.000000 459.000000 137.100000
  414     4     1    30 121.500000 485.250000 132.900000
  415     4     1    31 120.000000 481.500000 133.500000
  416     4     1    32 112.500000 462.750000 136.500000
  417     4     2     1 108.000000 451.500000 138.300000
  418     4     2     2 126.000000 496.500000 131.100000
  419     4     2     3 118.500000 477.750000 134.100000
  420     4     2     4 123.000000 489.000000 132.300000
  421     4     2     5 123.000000 489.000000 132.300000
  422     4     2     6 114.000000 466.500000 135.900000
  423     4     2     7 126.000000 496.500000 131.100000
  424     4     2     8 126.000000 496.500000 131.100000
  425     4     2     9 114.000000 466.500000 135.900000
  426     4     2    10 120.000000 481.500000 133.500000
  427     4     2    11 124.500000 492.750000 131.700000
  428     4     2    12 117.000000 474.000000 134.700000
  429     4     2    13 123.000000 489.000000 132.300000
  430     4     2    14 117.000000 474.000000 134.700000
  431     4     2    15 115.500000 470.250000 135.300000
  432     4     2    16 115.500000 470.250000 135.300000
  433     4     2    17 112.500000 462.750000 136.500000
  434     4     2    18 126.000000 496.500000 131.100000
  435     4     2    19 123.000000 489.000000 132.300000
  436     4     2    20 115.500000 470.250000 135.300000
  437     4     2    21 123.000000 489.000000 132.300000
  438     4     2    22 120.000000 481.500000 133.500000
  439     4     2    23 114.000000 466.500000 135.900000
  440     4     2    24 121.500000 485.250000 132.900000
  441     4     2    25 123.000000 489.000000 132.300000
  442     4     2    26 123.000000 489.000000 132.300000
  443     4     2    27 112.500000 462.750000 136.500000
  444     4     2    28 112.500000 462.750000 136.500000
  445     4     2    29 117.000000 474.000000 134.700000
  446     4     2    30 112.500000 462.750000 136.500000
  447     4     2    31 112.500000 462.750000 136.500000
  448     4     2    32 112.500000 462.750000 136.500000
  449     4     3     1 115.500000 468.750000 133.800000
  450     4     3     2 114.000000 465.000000 134.400000
  451     4     3     3 109.500000 453.750000 136.200000
  452     4     3     4 112.500000 461.250000 135.000000
  453     4     3     5 111.000000 457.500000 135.600000
  454     4     3     6 112.500000 461.250000 135.000000
  455     4     3     7 112.500000 461.250000 135.000000
  456     4     3     8 112.500000 461.250000 135.000000
  457     4     3     9 114.000000 465.000000 134.400000
  458     4     3    10 117.000000 472.500000 133.200000
  459     4     3    11 115.500000 468.750000 133.800000
  460     4     3    12 108.000000 450.000000 136.800000
  461     4     3    13 114.000000 465.000000 134.400000
  462     4     3    14 114.000000 465.000000 134.400000
  463     4     3    15 112.500000 461.250000 135.000000
  464     4     3    16 117.000000 472.500000 133.200000
  465     4     3    17 117.000000 472.500000 133.200000
  466     4     3    18 111.000000 457.500000 135.600000
  467     4     3    19 108.000000 450.000000 136.800000
  468     4     3    20 108.000000 450.000000 136.800000
  469     4     3    21 109.500000 453.750000 136.200000
  470     4     3    22 111.000000 457.500000 135.600000
  471     4     3    23 117.000000 472.500000 133.200000
  472     4     3    24 112.500000 461.250000 135.000000
  473     4     3    25 109.500000 453.750000 136.200000
  474     4     3    26 115.500000 468.750000 133.800000
  475     4     3    27 111.000000 457.500000 135.600000
  476     4     3    28 114.000000 465.000000 134.400000
  477     4     3    29 115.500000 468.750000 133.800000
  478     4     3    30 111.000000 457.500000 135.600000
  479     4     3    31 114.000000 465.000000 134.400000
  480     4     3    32 109.500000 453.750000 136.200000
  481     4     4     1 112.500000 464.250000 138.000000
  482     4     4     2 120.000000 483.000000 135.000000
  483     4     4     3 121.500000 486.750000 134.400000
  484     4     4     4 114.000000 468.000000 137.400000
  485     4     4     5 114.000000 468.000000 137.400000
  486     4     4     6 112.500000 464.250000 138.000000
  487     4     4     7 114.000000 468.000000 137.400000
  488     4     4     8 114.000000 466.500000 135.900000
  489     4     4     9 115.500000 471.750000 136.800000
  490     4     4    10 114.000000 466.500000 135.900000
  491     4     4    11 114.000000 468.000000 137.400000
  492     4     4    12 120.000000 481.500000 133.500000
  493     4     4    13 114.000000 468.000000 137.400000
  494     4     4    14 114.000000 468.000000 137.400000
  495     4     4    15 115.500000 471.750000 136.800000
  496     4     4    16 112.500000 462.750000 136.500000
  497     4     4    17 114.000000 468.000000 137.400000
  498     4     4    18 115.500000 470.250000 135.300000
  499     4     4    19 114.000000 466.500000 135.900000
  500     4     4    20 106.500000 449.250000 140.400000
  501     4     4    21 115.500000 471.750000 136.800000
  502     4     4    22 117.000000 474.000000 134.700000
  503     4     4    23 115.500000 471.750000 136.800000
  504     4     4    24 109.500000 456.750000 139.200000
  505     4     4    25 111.000000 460.500000 138.600000
  506     4     4    26 115.500000 471.750000 136.800000
  507     4     4    27 112.500000 462.750000 136.500000
  508     4     4    28 115.500000 470.250000 135.300000
  509     4     4    29 114.000000 466.500000 135.900000
  510     4     4    30 115.500000 471.750000 136.800000
  511     4     4    31 114.000000 468.000000 137.400000
  512     4     4    32 112.500000 462.750000 136.500000
  513     5     1     1 121.500000 486.750000 134.400000
  514     5     1     2 114.000000 468.000000 137.400000
  515     5     1     3 127.500000 501.750000 132.000000
  516     5     1     4 106.500000 449.250000 140.400000
  517     5     1     5 121.500000 486.750000 134.400000
  518     5     1     6 120.000000 483.000000 135.000000
  519     5     1     7 115.500000 471.750000 136.800000
  520     5     1     8 115.500000 471.750000 136.800000
  521     5     1     9 124.500000 494.250000 133.200000
  522     5     1    10 112.500000 464.250000 138.000000
  523     5     1    11 121.500000 486.750000 134.400000
  524     5     1    12 121.500000 486.750000 134.400000
  525     5     1    13 118.500000 479.250000 135.600000
  526     5     1    14 115.500000 471.750000 136.800000
  527     5     1    15 115.500000 471.750000 136.800000
  528     5     1    16 120.000000 483.000000 135.000000
  529     5     1    17 123.000000 490.500000 133.800000
  530     5     1    18 121.500000 486.750000 134.400000
  531     5     1    19 118.500000 479.250000 135.600000
  532     5     1    20 126.000000 498.000000 132.600000
  533     5     1    21 117.000000 475.500000 136.200000
  534     5     1    22 118.500000 479.250000 135.600000
  535     5     1    23 123.000000 490.500000 133.800000
  536     5     1    24 115.500000 471.750000 136.800000
  537     5     1    25 120.000000 483.000000 135.000000
  538     5     1    26 117.000000 475.500000 136.200000
  539     5     1    27 124.500000 494.250000 133.200000
  540     5     1    28 114.000000 468.000000 137.400000
  541     5     1    29 121.500000 486.750000 134.400000
  542     5     1    30 120.000000 483.000000 135.000000
  543     5     1    31 118.500000 479.250000 135.600000
  544     5     1    32 112.500000 464.250000 138.000000
  545     5     2     1 108.000000 453.000000 139.800000
  546     5     2     2 117.000000 475.500000 136.200000
  547     5     2     3 111.000000 460.500000 138.600000
  548     5     2     4 117.000000 475.500000 136.200000
  549     5     2     5 114.000000 468.000000 137.400000
  550     5     2     6 117.000000 475.500000 136.200000
  551     5     2     7 117.000000 475.500000 136.200000
  552     5     2     8 106.500000 449.250000 140.400000
  553     5     2     9 118.500000 479.250000 135.600000
  554     5     2    10 115.500000 471.750000 136.800000
  555     5     2    11 109.500000 456.750000 139.200000
  556     5     2    12 118.500000 479.250000 135.600000
  557     5     2    13 117.000000 475.500000 136.200000
  558     5     2    14 121.500000 486.750000 134.400000
  559     5     2    15 123.000000 490.500000 133.800000
  560     5     2    16 121.500000 486.750000 134.400000
  561     5     2    17 114.000000 468.000000 137.400000
  562     5     2    18 115.500000 471.750000 136.800000
  563     5     2    19 109.500000 456.750000 139.200000
  564     5     2    20 117.000000 475.500000 136.200000
  565     5     2    21 106.500000 449.250000 140.400000
  566     5     2    22 105.000000 445.500000 141.000000
  567     5     2    23 112.500000 464.250000 138.000000
  568     5     2    24 114.000000 468.000000 137.400000
  569     5     2    25 109.500000 456.750000 139.200000
  570     5     2    26 115.500000 471.750000 136.800000
  571     5     2    27 114.000000 468.000000 137.400000
  572     5     2    28 118.500000 479.250000 135.600000
  573     5     2    29 121.500000 486.750000 134.400000
  574     5     2    30 121.500000 486.750000 134.400000
  575     5     2    31 121.500000 486.750000 134.400000
  576     5     2    32 123.000000 490.500000 133.800000
  577     5     3     1 124.500000 491.250000 130.200000
  578     5     3     2 120.000000 480.000000 132.000000
  579     5     3     3 117.000000 472.500000 133.200000
  580     5     3     4 117.000000 472.500000 133.200000
  581     5     3     5 120.000000 480.000000 132.000000
  582     5     3     6 120.000000 480.000000 132.000000
  583     5     3     7 118.500000 476.250000 132.600000
  584     5     3     8 120.000000 480.000000 132.000000
  585     5     3     9 120.000000 480.000000 132.000000
  586     5     3    10 118.500000 476.250000 132.600000
  587     5     3    11 118.500000 476.250000 132.600000
  588     5     3    12 120.000000 480.000000 132.000000
  589     5     3    13 121.500000 483.750000 131.400000
  590     5     3    14 114.000000 465.000000 134.400000
  591     5     3    15 120.000000 480.000000 132.000000
  592     5     3    16 115.500000 468.750000 133.800000
  593     5     3    17 118.500000 476.250000 132.600000
  594     5     3    18 118.500000 477.750000 134.100000
  595     5     3    19 117.000000 472.500000 133.200000
  596     5     3    20 118.500000 476.250000 132.600000
  597     5     3    21 115.500000 468.750000 133.800000
  598     5     3    22 121.500000 483.750000 131.400000
  599     5     3    23 118.500000 476.250000 132.600000
  600     5     3    24 120.000000 480.000000 132.000000
  601     5     3    25 121.500000 483.750000 131.400000
  602     5     3    26 114.000000 465.000000 134.400000
  603     5     3    27 115.500000 468.750000 133.800000
  604     5     3    28 120.000000 480.000000 132.000000
  605     5     3    29 117.000000 472.500000 133.200000
  606     5     3    30 117.000000 472.500000 133.200000
  607     5     3    31 121.500000 483.750000 131.400000
  608     5     3    32 117.000000 472.500000 133.200000
  609     5     4     1 121.500000 489.750000 137.400000
  610     5     4     2 120.000000 484.500000 136.500000
  611     5     4     3 118.500000 480.750000 137.100000
  612     5     4     4 124.500000 497.250000 136.200000
  613     5     4     5 124.500000 495.750000 134.700000
  614     5     4     6 124.500000 494.250000 133.200000
  615     5     4     7 120.000000 484.500000 136.500000
  616     5     4     8 118.500000 479.250000 135.600000
  617     5     4     9 120.000000 486.000000 138.000000
  618     5     4    10 121.500000 489.750000 137.400000
  619     5     4    11 118.500000 480.750000 137.100000
  620     5     4    12 123.000000 492.000000 135.300000
  621     5     4    13 123.000000 493.500000 136.800000
  622     5     4    14 120.000000 486.000000 138.000000
  623     5     4    15 117.000000 478.500000 139.200000
  624     5     4    16 120.000000 486.000000 138.000000
  625     5     4    17 117.000000 477.000000 137.700000
  626     5     4    18 118.500000 482.250000 138.600000
  627     5     4    19 114.000000 471.000000 140.400000
  628     5     4    20 120.000000 484.500000 136.500000
  629     5     4    21 118.500000 480.750000 137.100000
  630     5     4    22 117.000000 477.000000 137.700000
  631     5     4    23 121.500000 489.750000 137.400000
  632     5     4    24 118.500000 480.750000 137.100000
  633     5     4    25 117.000000 478.500000 139.200000
  634     5     4    26 120.000000 484.500000 136.500000
  635     5     4    27 120.000000 486.000000 138.000000
  636     5     4    28 117.000000 477.000000 137.700000
  637     5     4    29 120.000000 486.000000 138.000000
  638     5     4    30 115.500000 474.750000 139.800000
  639     5     4    31 114.000000 471.000000 140.400000
  640     5     4    32 118.500000 482.250000 138.600000
  641     6     1     1 114.750000 455.625000 122.850000
  642     6     1     2 120.000000 471.000000 123.000000
  643     6     1     3 120.000000 471.000000 123.000000
  644     6     1     4 121.500000 474.750000 122.400000
  645     6     1     5 118.500000 467.250000 123.600000
  646     6     1     6 124.500000 482.250000 121.200000
  647     6     1     7 117.000000 463.500000 124.200000
  648     6     1     8 114.000000 456.000000 125.400000
  649     6     1     9 123.000000 478.500000 121.800000
  650     6     1    10 123.000000 478.500000 121.800000
  651     6     1    11 115.500000 459.750000 124.800000
  652     6     1    12 123.000000 478.500000 121.800000
  653     6     1    13 124.500000 482.250000 121.200000
  654     6     1    14 120.000000 471.000000 123.000000
  655     6     1    15 124.500000 482.250000 121.200000
  656     6     1    16 115.500000 459.750000 124.800000
  657     6     1    17 115.500000 459.750000 124.800000
  658     6     1    18 121.500000 474.750000 122.400000
  659     6     1    19 119.250000 466.875000 121.050000
  660     6     1    20 121.500000 474.750000 122.400000
  661     6     1    21 123.000000 478.500000 121.800000
  662     6     1    22 114.000000 456.000000 125.400000
  663     6     1    23 114.000000 456.000000 125.400000
  664     6     1    24 120.000000 471.000000 123.000000
  665     6     1    25 115.500000 459.750000 124.800000
  666     6     1    26 126.000000 486.000000 120.600000
  667     6     1    27 118.500000 467.250000 123.600000
  668     6     1    28 118.500000 467.250000 123.600000
  669     6     1    29 112.500000 452.250000 126.000000
  670     6     1    30 167.625000 651.562500 165.450000
  671     6     1    31 126.750000 485.625000 118.050000
  672     6     1    32 118.500000 464.250000 120.600000
  673     6     2     1 118.500000 473.250000 129.600000
  674     6     2     2 114.000000 462.000000 131.400000
  675     6     2     3 118.500000 473.250000 129.600000
  676     6     2     4 118.500000 473.250000 129.600000
  677     6     2     5 126.000000 492.000000 126.600000
  678     6     2     6 117.000000 469.500000 130.200000
  679     6     2     7 117.000000 469.500000 130.200000
  680     6     2     8 124.500000 488.250000 127.200000
  681     6     2     9 120.000000 477.000000 129.000000
  682     6     2    10 120.000000 477.000000 129.000000
  683     6     2    11 127.500000 495.750000 126.000000
  684     6     2    12 118.500000 473.250000 129.600000
  685     6     2    13 121.500000 480.750000 128.400000
  686     6     2    14 121.500000 480.750000 128.400000
  687     6     2    15 121.500000 480.750000 128.400000
  688     6     2    16 120.000000 477.000000 129.000000
  689     6     2    17 123.000000 484.500000 127.800000
  690     6     2    18 115.500000 465.750000 130.800000
  691     6     2    19 121.500000 480.750000 128.400000
  692     6     2    20 117.000000 469.500000 130.200000
  693     6     2    21 114.000000 462.000000 131.400000
  694     6     2    22 121.500000 480.750000 128.400000
  695     6     2    23 123.000000 484.500000 127.800000
  696     6     2    24 117.000000 469.500000 130.200000
  697     6     2    25 123.000000 484.500000 127.800000
  698     6     2    26 121.500000 480.750000 128.400000
  699     6     2    27 112.500000 458.250000 132.000000
  700     6     2    28 114.000000 462.000000 131.400000
  701     6     2    29 123.000000 484.500000 127.800000
  702     6     2    30 118.500000 473.250000 129.600000
  703     6     2    31 118.500000 473.250000 129.600000
  704     6     2    32 112.500000 458.250000 132.000000
  705     6     3     1 114.000000 466.500000 135.900000
  706     6     3     2 118.500000 476.250000 132.600000
  707     6     3     3 114.000000 465.000000 134.400000
  708     6     3     4 118.500000 476.250000 132.600000
  709     6     3     5 117.000000 472.500000 133.200000
  710     6     3     6 111.000000 457.500000 135.600000
  711     6     3     7 118.500000 476.250000 132.600000
  712     6     3     8 115.500000 468.750000 133.800000
  713     6     3     9 112.500000 462.750000 136.500000
  714     6     3    10 118.500000 476.250000 132.600000
  715     6     3    11 114.000000 466.500000 135.900000
  716     6     3    12 121.500000 483.750000 131.400000
  717     6     3    13 118.500000 476.250000 132.600000
  718     6     3    14 121.500000 483.750000 131.400000
  719     6     3    15 124.500000 491.250000 130.200000
  720     6     3    16 118.500000 476.250000 132.600000
  721     6     3    17 115.500000 468.750000 133.800000
  722     6     3    18 115.500000 468.750000 133.800000
  723     6     3    19 117.000000 472.500000 133.200000
  724     6     3    20 120.000000 480.000000 132.000000
  725     6     3    21 114.000000 465.000000 134.400000
  726     6     3    22 111.000000 457.500000 135.600000
  727     6     3    23 118.500000 476.250000 132.600000
  728     6     3    24 118.500000 476.250000 132.600000
  729     6     3    25 114.000000 465.000000 134.400000
  730     6     3    26 118.500000 476.250000 132.600000
  731     6     3    27 115.500000 468.750000 133.800000
  732     6     3    28 115.500000 468.750000 133.800000
  733     6     3    29 111.000000 457.500000 135.600000
  734     6     3    30 111.000000 457.500000 135.600000
  735     6     3    31 121.500000 483.750000 131.400000
  736     6     3    32 111.000000 457.500000 135.600000
  737     6     4     1 121.500000 477.750000 125.400000
  738     6     4     2 121.500000 477.750000 125.400000
  739     6     4     3 123.000000 481.500000 124.800000
  740     6     4     4 121.500000 477.750000 125.400000
  741     6     4     5 117.000000 466.500000 127.200000
  742     6     4     6 121.500000 477.750000 125.400000
  743     6     4     7 121.500000 477.750000 125.400000
  744     6     4     8 118.500000 470.250000 126.600000
  745     6     4     9 118.500000 470.250000 126.600000
  746     6     4    10 120.000000 474.000000 126.000000
  747     6     4    11 114.000000 459.000000 128.400000
  748     6     4    12 120.000000 474.000000 126.000000
  749     6     4    13 118.500000 470.250000 126.600000
  750     6     4    14 117.000000 466.500000 127.200000
  751     6     4    15 117.000000 466.500000 127.200000
  752     6     4    16 120.000000 474.000000 126.000000
  753     6     4    17 120.000000 474.000000 126.000000
  754     6     4    18 120.000000 474.000000 126.000000
  755     6     4    19 117.000000 466.500000 127.200000
  756     6     4    20 114.000000 459.000000 128.400000
  757     6     4    21 118.500000 470.250000 126.600000
  758     6     4    22 111.000000 451.500000 129.600000
  759     6     4    23 117.000000 466.500000 127.200000
  760     6     4    24 117.000000 466.500000 127.200000
  761     6     4    25 123.000000 481.500000 124.800000
  762     6     4    26 112.500000 455.250000 129.000000
  763     6     4    27 114.000000 459.000000 128.400000
  764     6     4    28 121.500000 477.750000 125.400000
  765     6     4    29 115.500000 462.750000 127.800000
  766     6     4    30 112.500000 455.250000 129.000000
  767     6     4    31 112.500000 455.250000 129.000000
  768     6     4    32 117.000000 466.500000 127.200000
  769     7     1     1 111.000000 454.500000 132.600000
  770     7     1     2 109.500000 450.750000 133.200000
  771     7     1     3 108.000000 447.000000 133.800000
  772     7     1     4 105.000000 439.500000 135.000000
  773     7     1     5     -nan     -nan -nan
  774     7     1     6 106.500000 443.250000 134.400000
  775     7     1     7 106.500000 443.250000 134.400000
  776     7     1     8 112.500000 458.250000 132.000000
  777     7     1     9 103.500000 435.750000 135.600000
  778     7     1    10 108.000000 447.000000 133.800000
  779     7     1    11 112.500000 458.250000 132.000000
  780     7     1    12 106.500000 443.250000 134.400000
  781     7     1    13 109.500000 450.750000 133.200000
  782     7     1    14 106.500000 443.250000 134.400000
  783     7     1    15 109.500000 450.750000 133.200000
  784     7     1    16 108.000000 447.000000 133.800000
  785     7     1    17 108.000000 447.000000 133.800000
  786     7     1    18 112.500000 458.250000 132.000000
  787     7     1    19 108.000000 447.000000 133.800000
  788     7     1    20 112.500000 458.250000 132.000000
  789     7     1    21 106.500000 443.250000 134.400000
  790     7     1    22 111.000000 454.500000 132.600000
  791     7     1    23 109.500000 450.750000 133.200000
  792     7     1    24 112.500000 458.250000 132.000000
  793     7     1    25 114.000000 462.000000 131.400000
  794     7     1    26 112.500000 458.250000 132.000000
  795     7     1    27 108.000000 447.000000 133.800000
  796     7     1    28 106.500000 443.250000 134.400000
  797     7     1    29 109.500000 450.750000 133.200000
  798     7     1    30 105.000000 439.500000 135.000000
  799     7     1    31 105.000000 439.500000 135.000000
  800     7     1    32 105.000000 439.500000 135.000000
  801     7     2     1 99.000000 424.500000 137.400000
  802     7     2     2 106.500000 443.250000 134.400000
  803     7     2     3 109.500000 450.750000 133.200000
  804     7     2     4 117.000000 469.500000 130.200000
  805     7     2     5 106.500000 443.250000 134.400000
  806     7     2     6 112.500000 458.250000 132.000000
  807     7     2     7 114.000000 462.000000 131.400000
  808     7     2     8 114.000000 462.000000 131.400000
  809     7     2     9 111.000000 454.500000 132.600000
  810     7     2    10 111.000000 454.500000 132.600000
  811     7     2    11 115.500000 465.750000 130.800000
  812     7     2    12 115.500000 465.750000 130.800000
  813     7     2    13 118.500000 473.250000 129.600000
  814     7     2    14 111.000000 454.500000 132.600000
  815     7     2    15 117.000000 469.500000 130.200000
  816     7     2    16 115.500000 465.750000 130.800000
  817     7     2    17 108.000000 447.000000 133.800000
  818     7     2    18 109.500000 450.750000 133.200000
  819     7     2    19 112.500000 458.250000 132.000000
  820     7     2    20 109.500000 450.750000 133.200000
  821     7     2    21 105.000000 439.500000 135.000000
  822     7     2    22 111.000000 454.500000 132.600000
  823     7     2    23 108.000000 447.000000 133.800000
  824     7     2    24 111.000000 454.500000 132.600000
  825     7     2    25 112.500000 458.250000 132.000000
  826     7     2    26 112.500000 458.250000 132.000000
  827     7     2    27 109.500000 450.750000 133.200000
  828     7     2    28 112.500000 458.250000 132.000000
  829     7     2    29 109.500000 450.750000 133.200000
  830     7     2    30 111.000000 454.500000 132.600000
  831     7     2    31 111.000000 454.500000 132.600000
  832     7     2    32 109.500000 450.750000 133.200000
  833     7     3     1 108.000000 447.000000 133.800000
  834     7     3     2 121.500000 480.750000 128.400000
  835     7     3     3 111.000000 454.500000 132.600000
  836     7     3     4 117.000000 469.500000 130.200000
  837     7     3     5 109.500000 450.750000 133.200000
  838     7     3     6 111.000000 454.500000 132.600000
  839     7     3     7 118.500000 473.250000 129.600000
  840     7     3     8 111.000000 454.500000 132.600000
  841     7     3     9 109.500000 450.750000 133.200000
  842     7     3    10 117.000000 469.500000 130.200000
  843     7     3    11 117.000000 469.500000 130.200000
  844     7     3    12 121.500000 480.750000 128.400000
  845     7     3    13 118.500000 473.250000 129.600000
  846     7     3    14 108.000000 447.000000 133.800000
  847     7     3    15 117.000000 469.500000 130.200000
  848     7     3    16 114.000000 462.000000 131.400000
  849     7     3    17 117.000000 469.500000 130.200000
  850     7     3    18 109.500000 450.750000 133.200000
  851     7     3    19 114.000000 462.000000 131.400000
  852     7     3    20 112.500000 458.250000 132.000000
  853     7     3    21 109.500000 450.750000 133.200000
  854     7     3    22 117.000000 469.500000 130.200000
  855     7     3    23 112.500000 458.250000 132.000000
  856     7     3    24 109.500000 450.750000 133.200000
  857     7     3    25 109.500000 450.750000 133.200000
  858     7     3    26 108.000000 447.000000 133.800000
  859     7     3    27 108.000000 447.000000 133.800000
  860     7     3    28 109.500000 450.750000 133.200000
  861     7     3    29 115.500000 465.750000 130.800000
  862     7     3    30 109.500000 450.750000 133.200000
  863     7     3    31 109.500000 450.750000 133.200000
  864     7     3    32 111.000000 454.500000 132.600000
  865     7     4     1 123.000000 484.500000 127.800000
  866     7     4     2 117.000000 469.500000 130.200000
  867     7     4     3 118.500000 473.250000 129.600000
  868     7     4     4 117.000000 469.500000 130.200000
  869     7     4     5 121.500000 480.750000 128.400000
  870     7     4     6 114.000000 462.000000 131.400000
  871     7     4     7 117.000000 469.500000 130.200000
  872     7     4     8 118.500000 473.250000 129.600000
  873     7     4     9 114.000000 462.000000 131.400000
  874     7     4    10 117.000000 469.500000 130.200000
  875     7     4    11 121.500000 480.750000 128.400000
  876     7     4    12 112.500000 458.250000 132.000000
  877     7     4    13 114.000000 462.000000 131.400000
  878     7     4    14 118.500000 473.250000 129.600000
  879     7     4    15 112.500000 458.250000 132.000000
  880     7     4    16 114.000000 462.000000 131.400000
  881     7     4    17 123.000000 484.500000 127.800000
  882     7     4    18 114.000000 462.000000 131.400000
  883     7     4    19 114.000000 462.000000 131.400000
  884     7     4    20 111.000000 454.500000 132.600000
  885     7     4    21 114.000000 462.000000 131.400000
  886     7     4    22 118.500000 473.250000 129.600000
  887     7     4    23 112.500000 458.250000 132.000000
  888     7     4    24 114.000000 462.000000 131.400000
  889     7     4    25 114.000000 462.000000 131.400000
  890     7     4    26 108.000000 447.000000 133.800000
  891     7     4    27 109.500000 450.750000 133.200000
  892     7     4    28 120.000000 477.000000 129.000000
  893     7     4    29 118.500000 473.250000 129.600000
  894     7     4    30 109.500000 450.750000 133.200000
  895     7     4    31 111.000000 454.500000 132.600000
  896     7     4    32 114.000000 462.000000 131.400000
  897     8     1     1 112.500000 462.750000 136.500000
  898     8     1     2 114.000000 465.000000 134.400000
  899     8     1     3 123.000000 487.500000 130.800000
  900     8     1     4 114.000000 466.500000 135.900000
  901     8     1     5 115.500000 468.750000 133.800000
  902     8     1     6 115.500000 468.750000 133.800000
  903     8     1     7 115.500000 470.250000 135.300000
  904     8     1     8 115.500000 468.750000 133.800000
  905     8     1     9 120.000000 480.000000 132.000000
  906     8     1    10 120.000000 480.000000 132.000000
  907     8     1    11 115.500000 468.750000 133.800000
  908     8     1    12 115.500000 468.750000 133.800000
  909     8     1    13 121.500000 483.750000 131.400000
  910     8     1    14 123.000000 487.500000 130.800000
  911     8     1    15 120.000000 480.000000 132.000000
  912     8     1    16 117.000000 474.000000 134.700000
  913     8     1    17 165.000000 655.500000 177.000000
  914     8     1    18 117.000000 472.500000 133.200000
  915     8     1    19 126.000000 495.000000 129.600000
  916     8     1    20 118.500000 476.250000 132.600000
  917     8     1    21 117.000000 472.500000 133.200000
  918     8     1    22 114.000000 465.000000 134.400000
  919     8     1    23 118.500000 477.750000 134.100000
  920     8     1    24 118.500000 476.250000 132.600000
  921     8     1    25 115.500000 470.250000 135.300000
  922     8     1    26 114.000000 465.000000 134.400000
  923     8     1    27 114.000000 465.000000 134.400000
  924     8     1    28 117.000000 472.500000 133.200000
  925     8     1    29 118.500000 476.250000 132.600000
  926     8     1    30 123.000000 487.500000 130.800000
  927     8     1    31 123.000000 487.500000 130.800000
  928     8     1    32 118.500000 477.750000 134.100000
  929     8     2     1 111.000000 463.500000 141.600000
  930     8     2     2 118.500000 482.250000 138.600000
  931     8     2     3 120.000000 486.000000 138.000000
  932     8     2     4 115.500000 474.750000 139.800000
  933     8     2     5 117.000000 478.500000 139.200000
  934     8     2     6 117.000000 478.500000 139.200000
  935     8     2     7 114.000000 471.000000 140.400000
  936     8     2     8 118.500000 482.250000 138.600000
  937     8     2     9 117.000000 478.500000 139.200000
  938     8     2    10 114.000000 471.000000 140.400000
  939     8     2    11 124.500000 497.250000 136.200000
  940     8     2    12 114.000000 471.000000 140.400000
  941     8     2    13 111.000000 463.500000 141.600000
  942     8     2    14 115.500000 474.750000 139.800000
  943     8     2    15 114.000000 471.000000 140.400000
  944     8     2    16 117.000000 478.500000 139.200000
  945     8     2    17 114.000000 471.000000 140.400000
  946     8     2    18 114.000000 471.000000 140.400000
  947     8     2    19 111.000000 463.500000 141.600000
  948     8     2    20 114.000000 471.000000 140.400000
  949     8     2    21 112.500000 467.250000 141.000000
  950     8     2    22 120.000000 486.000000 138.000000
  951     8     2    23 117.000000 478.500000 139.200000
  952     8     2    24 114.000000 471.000000 140.400000
  953     8     2    25 114.000000 471.000000 140.400000
  954     8     2    26 114.000000 471.000000 140.400000
  955     8     2    27 114.000000 471.000000 140.400000
  956     8     2    28 114.000000 471.000000 140.400000
  957     8     2    29 118.500000 482.250000 138.600000
  958     8     2    30 114.000000 471.000000 140.400000
  959     8     2    31 111.000000 463.500000 141.600000
  960     8     2    32 115.500000 474.750000 139.800000
  961     8     3     1 124.500000 491.250000 130.200000
  962     8     3     2 124.500000 491.250000 130.200000
  963     8     3     3 124.500000 491.250000 130.200000
  964     8     3     4 121.500000 483.750000 131.400000
  965     8     3     5 126.000000 495.000000 129.600000
  966     8     3     6 123.000000 487.500000 130.800000
  967     8     3     7 117.000000 472.500000 133.200000
  968     8     3     8 123.000000 487.500000 130.800000
  969     8     3     9 124.500000 491.250000 130.200000
  970     8     3    10 127.500000 498.750000 129.000000
  971     8     3    11 126.000000 495.000000 129.600000
  972     8     3    12 126.000000 495.000000 129.600000
  973     8     3    13 133.500000 513.750000 126.600000
  974     8     3    14 123.000000 487.500000 130.800000
  975     8     3    15 121.500000 483.750000 131.400000
  976     8     3    16 121.500000 483.750000 131.400000
  977     8     3    17 124.500000 491.250000 130.200000
  978     8     3    18 124.500000 491.250000 130.200000
  979     8     3    19 121.500000 483.750000 131.400000
  980     8     3    20 117.000000 472.500000 133.200000
  981     8     3    21 121.500000 483.750000 131.400000
  982     8     3    22 124.500000 491.250000 130.200000
  983     8     3    23 124.500000 491.250000 130.200000
  984     8     3    24 127.500000 498.750000 129.000000
  985     8     3    25 120.000000 480.000000 132.000000
  986     8     3    26 124.500000 491.250000 130.200000
  987     8     3    27 120.000000 480.000000 132.000000
  988     8     3    28 121.500000 483.750000 131.400000
  989     8     3    29 124.500000 491.250000 130.200000
  990     8     3    30 120.000000 480.000000 132.000000
  991     8     3    31 123.000000 487.500000 130.800000
  992     8     3    32 117.000000 472.500000 133.200000
  993     8     4     1 121.500000 483.750000 131.400000
  994     8     4     2 123.000000 487.500000 130.800000
  995     8     4     3 121.500000 483.750000 131.400000
  996     8     4     4 124.500000 491.250000 130.200000
  997     8     4     5 118.500000 476.250000 132.600000
  998     8     4     6 121.500000 483.750000 131.400000
  999     8     4     7 121.500000 483.750000 131.400000
 1000     8     4     8 120.000000 480.000000 132.000000
 1001     8     4     9 126.000000 495.000000 129.600000
 1002     8     4    10 120.000000 480.000000 132.000000
 1003     8     4    11 118.500000 476.250000 132.600000
 1004     8     4    12 121.500000 483.750000 131.400000
 1005     8     4    13 121.500000 483.750000 131.400000
 1006     8     4    14 117.000000 472.500000 133.200000
 1007     8     4    15 117.000000 472.500000 133.200000
 1008     8     4    16 120.000000 480.000000 132.000000
 1009     8     4    17 120.000000 480.000000 132.000000
 1010     8     4    18 117.000000 472.500000 133.200000
 1011     8     4    19 118.500000 476.250000 132.600000
 1012     8     4    20 121.500000 483.750000 131.400000
 1013     8     4    21 124.500000 491.250000 130.200000
 1014     8     4    22 115.500000 468.750000 133.800000
 1015     8     4    23 118.500000 476.250000 132.600000
 1016     8     4    24 115.500000 468.750000 133.800000
 1017     8     4    25 121.500000 483.750000 131.400000
 1018     8     4    26 114.000000 465.000000 134.400000
 1019     8     4    27 118.500000 476.250000 132.600000
 1020     8     4    28 124.500000 491.250000 130.200000
 1021     8     4    29 114.000000 465.000000 134.400000
 1022     8     4    30 120.000000 480.000000 132.000000
 1023     8     4    31 117.000000 472.500000 133.200000
 1024     8     4    32 114.000000 465.000000 134.400000
 1025     9     1     1 106.500000 446.250000 137.400000
 1026     9     1     2 106.500000 446.250000 137.400000
 1027     9     1     3 114.000000 465.000000 134.400000
 1028     9     1     4 109.500000 453.750000 136.200000
 1029     9     1     5 106.500000 446.250000 137.400000
 1030     9     1     6 105.000000 442.500000 138.000000
 1031     9     1     7 109.500000 453.750000 136.200000
 1032     9     1     8 109.500000 453.750000 136.200000
 1033     9     1     9 108.000000 450.000000 136.800000
 1034     9     1    10 112.500000 461.250000 135.000000
 1035     9     1    11 109.500000 453.750000 136.200000
 1036     9     1    12 115.500000 468.750000 133.800000
 1037     9     1    13 112.500000 461.250000 135.000000
 1038     9     1    14 121.500000 483.750000 131.400000
 1039     9     1    15 115.500000 468.750000 133.800000
 1040     9     1    16 112.500000 461.250000 135.000000
 1041     9     1    17 114.000000 465.000000 134.400000
 1042     9     1    18 115.500000 468.750000 133.800000
 1043     9     1    19 109.500000 453.750000 136.200000
 1044     9     1    20 114.000000 465.000000 134.400000
 1045     9     1    21 109.500000 453.750000 136.200000
 1046     9     1    22 117.000000 472.500000 133.200000
 1047     9     1    23 114.000000 465.000000 134.400000
 1048     9     1    24 112.500000 461.250000 135.000000
 1049     9     1    25 112.500000 461.250000 135.000000
 1050     9     1    26 112.500000 461.250000 135.000000
 1051     9     1    27 114.000000 465.000000 134.400000
 1052     9     1    28 120.000000 480.000000 132.000000
 1053     9     1    29 118.500000 476.250000 132.600000
 1054     9     1    30 114.000000 465.000000 134.400000
 1055     9     1    31 115.500000 468.750000 133.800000
 1056     9     1    32 115.500000 468.750000 133.800000
 1057     9     2     1 103.500000 438.750000 138.600000
 1058     9     2     2 111.000000 457.500000 135.600000
 1059     9     2     3 114.000000 465.000000 134.400000
 1060     9     2     4 112.500000 461.250000 135.000000
 1061     9     2     5 112.500000 461.250000 135.000000
 1062     9     2     6 114.000000 463.500000 132.900000
 1063     9     2     7 117.000000 472.500000 133.200000
 1064     9     2     8 109.500000 453.750000 136.200000
 1065     9     2     9 106.500000 444.750000 135.900000
 1066     9     2    10 115.500000 468.750000 133.800000
 1067     9     2    11 109.500000 453.750000 136.200000
 1068     9     2    12 115.500000 467.250000 132.300000
 1069     9     2    13 108.000000 450.000000 136.800000
 1070     9     2    14 115.500000 468.750000 133.800000
 1071     9     2    15 121.500000 483.750000 131.400000
 1072     9     2    16 112.500000 461.250000 135.000000
 1073     9     2    17 109.500000 453.750000 136.200000
 1074     9     2    18 108.000000 450.000000 136.800000
 1075     9     2    19 111.000000 457.500000 135.600000
 1076     9     2    20 117.000000 471.000000 131.700000
 1077     9     2    21 103.500000 438.750000 138.600000
 1078     9     2    22 157.500000 630.750000 174.000000
 1079     9     2    23 112.500000 461.250000 135.000000
 1080     9     2    24 111.000000 456.000000 134.100000
 1081     9     2    25 106.500000 444.750000 135.900000
 1082     9     2    26 111.000000 457.500000 135.600000
 1083     9     2    27 114.000000 465.000000 134.400000
 1084     9     2    28 114.000000 465.000000 134.400000
 1085     9     2    29 111.000000 457.500000 135.600000
 1086     9     2    30 111.000000 457.500000 135.600000
 1087     9     2    31 111.000000 457.500000 135.600000
 1088     9     2    32 109.500000 453.750000 136.200000
 1089     9     3     1 118.500000 476.250000 132.600000
 1090     9     3     2 115.500000 468.750000 133.800000
 1091     9     3     3 112.500000 461.250000 135.000000
 1092     9     3     4 111.000000 457.500000 135.600000
 1093     9     3     5 120.000000 480.000000 132.000000
 1094     9     3     6 117.000000 472.500000 133.200000
 1095     9     3     7 112.500000 461.250000 135.000000
 1096     9     3     8 109.500000 453.750000 136.200000
 1097     9     3     9 120.000000 480.000000 132.000000
 1098     9     3    10 115.500000 468.750000 133.800000
 1099     9     3    11 117.000000 472.500000 133.200000
 1100     9     3    12 109.500000 453.750000 136.200000
 1101     9     3    13 120.000000 480.000000 132.000000
 1102     9     3    14 118.500000 476.250000 132.600000
 1103     9     3    15 114.000000 465.000000 134.400000
 1104     9     3    16 120.000000 480.000000 132.000000
 1105     9     3    17 120.000000 480.000000 132.000000
 1106     9     3    18 112.500000 461.250000 135.000000
 1107     9     3    19 109.500000 453.750000 136.200000
 1108     9     3    20 120.000000 480.000000 132.000000
 1109     9     3    21 112.500000 461.250000 135.000000
 1110     9     3    22 117.000000 472.500000 133.200000
 1111     9     3    23 112.500000 461.250000 135.000000
 1112     9     3    24 106.500000 446.250000 137.400000
 1113     9     3    25 112.500000 461.250000 135.000000
 1114     9     3    26 106.500000 446.250000 137.400000
 1115     9     3    27 118.500000 476.250000 132.600000
 1116     9     3    28 115.500000 468.750000 133.800000
 1117     9     3    29 118.500000 476.250000 132.600000
 1118     9     3    30 114.000000 465.000000 134.400000
 1119     9     3    31 117.000000 472.500000 133.200000
 1120     9     3    32 117.000000 472.500000 133.200000
 1121     9     4     1 112.500000 467.250000 141.000000
 1122     9     4     2 117.000000 478.500000 139.200000
 1123     9     4     3 118.500000 482.250000 138.600000
 1124     9     4     4 112.500000 467.250000 141.000000
 1125     9     4     5 115.500000 474.750000 139.800000
 1126     9     4     6 118.500000 482.250000 138.600000
 1127     9     4     7 109.500000 459.750000 142.200000
 1128     9     4     8 109.500000 459.750000 142.200000
 1129     9     4     9 118.500000 482.250000 138.600000
 1130     9     4    10 111.000000 463.500000 141.600000
 1131     9     4    11 109.500000 459.750000 142.200000
 1132     9     4    12 112.500000 467.250000 141.000000
 1133     9     4    13 117.000000 478.500000 139.200000
 1134     9     4    14 112.500000 467.250000 141.000000
 1135     9     4    15 111.000000 463.500000 141.600000
 1136     9     4    16 114.000000 471.000000 140.400000
 1137     9     4    17 111.000000 463.500000 141.600000
 1138     9     4    18 115.500000 474.750000 139.800000
 1139     9     4    19 109.500000 459.750000 142.200000
 1140     9     4    20 112.500000 467.250000 141.000000
 1141     9     4    21 112.500000 467.250000 141.000000
 1142     9     4    22 106.500000 452.250000 143.400000
 1143     9     4    23 117.000000 478.500000 139.200000
 1144     9     4    24 106.500000 452.250000 143.400000
 1145     9     4    25 108.000000 456.000000 142.800000
 1146     9     4    26 109.500000 459.750000 142.200000
 1147     9     4    27 114.000000 471.000000 140.400000
 1148     9     4    28 115.500000 474.750000 139.800000
 1149     9     4    29 114.000000 471.000000 140.400000
 1150     9     4    30 112.500000 467.250000 141.000000
 1151     9     4    31 109.500000 459.750000 142.200000
 1152     9     4    32 114.000000 471.000000 140.400000
 1153    10     1     1 114.000000 468.000000 137.400000
 1154    10     1     2 121.500000 486.750000 134.400000
 1155    10     1     3 117.000000 475.500000 136.200000
 1156    10     1     4 112.500000 464.250000 138.000000
 1157    10     1     5 115.500000 471.750000 136.800000
 1158    10     1     6 117.000000 475.500000 136.200000
 1159    10     1     7 114.000000 468.000000 137.400000
 1160    10     1     8 118.500000 479.250000 135.600000
 1161    10     1     9 99.000000 430.500000 143.400000
 1162    10     1    10 118.500000 479.250000 135.600000
 1163    10     1    11 121.500000 486.750000 134.400000
 1164    10     1    12 114.000000 468.000000 137.400000
 1165    10     1    13 115.500000 471.750000 136.800000
 1166    10     1    14 121.500000 486.750000 134.400000
 1167    10     1    15 115.500000 471.750000 136.800000
 1168    10     1    16 121.500000 486.750000 134.400000
 1169    10     1    17 121.500000 486.750000 134.400000
 1170    10     1    18 115.500000 471.750000 136.800000
 1171    10     1    19 118.500000 479.250000 135.600000
 1172    10     1    20 120.000000 483.000000 135.000000
 1173    10     1    21 118.500000 479.250000 135.600000
 1174    10     1    22 120.000000 483.000000 135.000000
 1175    10     1    23 115.500000 471.750000 136.800000
 1176    10     1    24 121.500000 486.750000 134.400000
 1177    10     1    25 118.500000 479.250000 135.600000
 1178    10     1    26 121.500000 486.750000 134.400000
 1179    10     1    27 117.000000 475.500000 136.200000
 1180    10     1    28 118.500000 479.250000 135.600000
 1181    10     1    29 124.500000 494.250000 133.200000
 1182    10     1    30 114.000000 468.000000 137.400000
 1183    10     1    31 117.000000 475.500000 136.200000
 1184    10     1    32 112.500000 464.250000 138.000000
 1185    10     2     1 109.500000 453.750000 136.200000
 1186    10     2     2 120.000000 481.500000 133.500000
 1187    10     2     3 118.500000 476.250000 132.600000
 1188    10     2     4 117.000000 472.500000 133.200000
 1189    10     2     5 114.000000 466.500000 135.900000
 1190    10     2     6 112.500000 461.250000 135.000000
 1191    10     2     7 117.000000 474.000000 134.700000
 1192    10     2     8 117.000000 472.500000 133.200000
 1193    10     2     9 114.000000 465.000000 134.400000
 1194    10     2    10 124.500000 491.250000 130.200000
 1195    10     2    11 114.000000 465.000000 134.400000
 1196    10     2    12 118.500000 476.250000 132.600000
 1197    10     2    13 115.500000 468.750000 133.800000
 1198    10     2    14 114.000000 465.000000 134.400000
 1199    10     2    15 114.000000 465.000000 134.400000
 1200    10     2    16 114.000000 465.000000 134.400000
 1201    10     2    17 111.000000 457.500000 135.600000
 1202    10     2    18 114.000000 465.000000 134.400000
 1203    10     2    19 118.500000 476.250000 132.600000
 1204    10     2    20 112.500000 461.250000 135.000000
 1205    10     2    21 115.500000 468.750000 133.800000
 1206    10     2    22 114.000000 465.000000 134.400000
 1207    10     2    23 114.000000 465.000000 134.400000
 1208    10     2    24 118.500000 476.250000 132.600000
 1209    10     2    25 114.000000 465.000000 134.400000
 1210    10     2    26 117.000000 472.500000 133.200000
 1211    10     2    27 114.000000 465.000000 134.400000
 1212    10     2    28 114.000000 465.000000 134.400000
 1213    10     2    29 112.500000 461.250000 135.000000
 1214    10     2    30 114.000000 465.000000 134.400000
 1215    10     2    31 114.000000 465.000000 134.400000
 1216    10     2    32 109.500000 453.750000 136.200000
 1217    10     3     1 117.000000 475.500000 136.200000
 1218    10     3     2 117.000000 475.500000 136.200000
 1219    10     3     3 114.000000 468.000000 137.400000
 1220    10     3     4 121.500000 486.750000 134.400000
 1221    10     3     5 118.500000 479.250000 135.600000
 1222    10     3     6 115.500000 471.750000 136.800000
 1223    10     3     7 118.500000 479.250000 135.600000
 1224    10     3     8 117.000000 475.500000 136.200000
 1225    10     3     9 117.000000 475.500000 136.200000
 1226    10     3    10 111.000000 460.500000 138.600000
 1227    10     3    11 115.500000 471.750000 136.800000
 1228    10     3    12 111.000000 460.500000 138.600000
 1229    10     3    13 114.000000 468.000000 137.400000
 1230    10     3    14 118.500000 479.250000 135.600000
 1231    10     3    15 112.500000 464.250000 138.000000
 1232    10     3    16 115.500000 471.750000 136.800000
 1233    10     3    17 115.500000 471.750000 136.800000
 1234    10     3    18 115.500000 471.750000 136.800000
 1235    10     3    19 115.500000 471.750000 136.800000
 1236    10     3    20 118.500000 479.250000 135.600000
 1237    10     3    21 115.500000 471.750000 136.800000
 1238    10     3    22 117.000000 475.500000 136.200000
 1239    10     3    23 120.000000 483.000000 135.000000
 1240    10     3    24 111.000000 460.500000 138.600000
 1241    10     3    25 115.500000 471.750000 136.800000
 1242    10     3    26 114.000000 468.000000 137.400000
 1243    10     3    27 115.500000 471.750000 136.800000
 1244    10     3    28 118.500000 479.250000 135.600000
 1245    10     3    29 118.500000 479.250000 135.600000
 1246    10     3    30 111.000000 460.500000 138.600000
 1247    10     3    31 111.000000 460.500000 138.600000
 1248    10     3    32 112.500000 464.250000 138.000000
 1249    10     4     1 127.500000 501.750000 132.000000
 1250    10     4     2 117.000000 475.500000 136.200000
 1251    10     4     3 118.500000 479.250000 135.600000
 1252    10     4     4 114.000000 468.000000 137.400000
 1253    10     4     5 115.500000 471.750000 136.800000
 1254    10     4     6 117.000000 474.000000 134.700000
 1255    10     4     7 115.500000 471.750000 136.800000
 1256    10     4     8 118.500000 477.750000 134.100000
 1257    10     4     9 111.000000 460.500000 138.600000
 1258    10     4    10 117.000000 475.500000 136.200000
 1259    10     4    11 115.500000 471.750000 136.800000
 1260    10     4    12 121.500000 486.750000 134.400000
 1261    10     4    13 117.000000 475.500000 136.200000
 1262    10     4    14 115.500000 471.750000 136.800000
 1263    10     4    15 117.000000 475.500000 136.200000
 1264    10     4    16 118.500000 479.250000 135.600000
 1265    10     4    17 118.500000 477.750000 134.100000
 1266    10     4    18 112.500000 464.250000 138.000000
 1267    10     4    19 109.500000 455.250000 137.700000
 1268    10     4    20 117.000000 474.000000 134.700000
 1269    10     4    21 115.500000 470.250000 135.300000
 1270    10     4    22 112.500000 464.250000 138.000000
 1271    10     4    23 118.500000 479.250000 135.600000
 1272    10     4    24 118.500000 479.250000 135.600000
 1273    10     4    25 111.000000 460.500000 138.600000
 1274    10     4    26 118.500000 479.250000 135.600000
 1275    10     4    27 115.500000 471.750000 136.800000
 1276    10     4    28 121.500000 485.250000 132.900000
 1277    10     4    29 118.500000 479.250000 135.600000
 1278    10     4    30 117.000000 475.500000 136.200000
 1279    10     4    31 115.500000 471.750000 136.800000
 1280    10     4    32 120.000000 483.000000 135.000000
 1281    11     1     1 114.000000 462.000000 131.400000
 1282    11     1     2 111.000000 454.500000 132.600000
 1283    11     1     3 109.500000 450.750000 133.200000
 1284    11     1     4 105.000000 439.500000 135.000000
 1285    11     1     5 115.500000 465.750000 130.800000
 1286    11     1     6 115.500000 465.750000 130.800000
 1287    11     1     7 106.500000 443.250000 134.400000
 1288    11     1     8 109.500000 450.750000 133.200000
 1289    11     1     9 109.500000 450.750000 133.200000
 1290    11     1    10 108.000000 447.000000 133.800000
 1291    11     1    11 108.000000 447.000000 133.800000
 1292    11     1    12 112.500000 458.250000 132.000000
 1293    11     1    13 106.500000 443.250000 134.400000
 1294    11     1    14 117.000000 469.500000 130.200000
 1295    11     1    15 109.500000 450.750000 133.200000
 1296    11     1    16 115.500000 465.750000 130.800000
 1297    11     1    17 111.000000 454.500000 132.600000
 1298    11     1    18 111.000000 454.500000 132.600000
 1299    11     1    19 111.000000 454.500000 132.600000
 1300    11     1    20 114.000000 462.000000 131.400000
 1301    11     1    21 111.000000 454.500000 132.600000
 1302    11     1    22 103.500000 435.750000 135.600000
 1303    11     1    23 105.000000 439.500000 135.000000
 1304    11     1    24 106.500000 443.250000 134.400000
 1305    11     1    25 112.500000 458.250000 132.000000
 1306    11     1    26 106.500000 443.250000 134.400000
 1307    11     1    27 115.500000 465.750000 130.800000
 1308    11     1    28 112.500000 458.250000 132.000000
 1309    11     1    29 102.000000 432.000000 136.200000
 1310    11     1    30 105.000000 439.500000 135.000000
 1311    11     1    31 105.000000 439.500000 135.000000
 1312    11     1    32 112.500000 458.250000 132.000000
 1313    11     2     1 100.500000 431.250000 139.800000
 1314    11     2     2 117.000000 472.500000 133.200000
 1315    11     2     3 114.000000 465.000000 134.400000
 1316    11     2     4 117.000000 472.500000 133.200000
 1317    11     2     5 109.500000 453.750000 136.200000
 1318    11     2     6 112.500000 461.250000 135.000000
 1319    11     2     7 114.000000 465.000000 134.400000
 1320    11     2     8 109.500000 453.750000 136.200000
 1321    11     2     9 115.500000 468.750000 133.800000
 1322    11     2    10 114.000000 465.000000 134.400000
 1323    11     2    11 114.000000 465.000000 134.400000
 1324    11     2    12 106.500000 446.250000 137.400000
 1325    11     2    13 112.500000 461.250000 135.000000
 1326    11     2    14 112.500000 461.250000 135.000000
 1327    11     2    15 108.000000 450.000000 136.800000
 1328    11     2    16 112.500000 461.250000 135.000000
 1329    11     2    17 112.500000 461.250000 135.000000
 1330    11     2    18 109.500000 453.750000 136.200000
 1331    11     2    19 106.500000 446.250000 137.400000
 1332    11     2    20 102.000000 435.000000 139.200000
 1333    11     2    21 106.500000 446.250000 137.400000
 1334    11     2    22 103.500000 438.750000 138.600000
 1335    11     2    23 115.500000 468.750000 133.800000
 1336    11     2    24 115.500000 468.750000 133.800000
 1337    11     2    25 115.500000 468.750000 133.800000
 1338    11     2    26 114.000000 465.000000 134.400000
 1339    11     2    27 106.500000 446.250000 137.400000
 1340    11     2    28 103.500000 438.750000 138.600000
 1341    11     2    29 156.000000 625.500000 173.100000
 1342    11     2    30 103.500000 438.750000 138.600000
 1343    11     2    31 105.000000 442.500000 138.000000
 1344    11     2    32 109.500000 453.750000 136.200000
 1345    11     3     1 111.000000 454.500000 132.600000
 1346    11     3     2 115.500000 465.750000 130.800000
 1347    11     3     3 118.500000 473.250000 129.600000
 1348    11     3     4 112.500000 458.250000 132.000000
 1349    11     3     5 117.000000 469.500000 130.200000
 1350    11     3     6 123.000000 484.500000 127.800000
 1351    11     3     7 112.500000 458.250000 132.000000
 1352    11     3     8 120.000000 477.000000 129.000000
 1353    11     3     9 117.000000 469.500000 130.200000
 1354    11     3    10 112.500000 458.250000 132.000000
 1355    11     3    11 118.500000 473.250000 129.600000
 1356    11     3    12 121.500000 480.750000 128.400000
 1357    11     3    13 118.500000 473.250000 129.600000
 1358    11     3    14 117.000000 469.500000 130.200000
 1359    11     3    15 118.500000 473.250000 129.600000
 1360    11     3    16 120.000000 477.000000 129.000000
 1361    11     3    17 114.000000 462.000000 131.400000
 1362    11     3    18 112.500000 458.250000 132.000000
 1363    11     3    19 117.000000 469.500000 130.200000
 1364    11     3    20 117.000000 469.500000 130.200000
 1365    11     3    21 115.500000 465.750000 130.800000
 1366    11     3    22 117.000000 469.500000 130.200000
 1367    11     3    23 108.000000 447.000000 133.800000
 1368    11     3    24 111.000000 454.500000 132.600000
 1369    11     3    25 117.000000 469.500000 130.200000
 1370    11     3    26 111.000000 454.500000 132.600000
 1371    11     3    27 117.000000 469.500000 130.200000
 1372    11     3    28 118.500000 473.250000 129.600000
 1373    11     3    29 118.500000 473.250000 129.600000
 1374    11     3    30 111.000000 454.500000 132.600000
 1375    11     3    31 115.500000 465.750000 130.800000
 1376    11     3    32 112.500000 458.250000 132.000000
 1377    11     4     1 117.000000 472.500000 133.200000
 1378    11     4     2 118.500000 476.250000 132.600000
 1379    11     4     3 117.000000 472.500000 133.200000
 1380    11     4     4 115.500000 468.750000 133.800000
 1381    11     4     5 114.000000 465.000000 134.400000
 1382    11     4     6 115.500000 468.750000 133.800000
 1383    11     4     7 112.500000 461.250000 135.000000
 1384    11     4     8 112.500000 461.250000 135.000000
 1385    11     4     9 115.500000 468.750000 133.800000
 1386    11     4    10 118.500000 476.250000 132.600000
 1387    11     4    11 121.500000 483.750000 131.400000
 1388    11     4    12 112.500000 461.250000 135.000000
 1389    11     4    13 118.500000 476.250000 132.600000
 1390    11     4    14 117.000000 472.500000 133.200000
 1391    11     4    15 118.500000 476.250000 132.600000
 1392    11     4    16 118.500000 476.250000 132.600000
 1393    11     4    17 111.000000 457.500000 135.600000
 1394    11     4    18 109.500000 453.750000 136.200000
 1395    11     4    19 112.500000 461.250000 135.000000
 1396    11     4    20 114.000000 465.000000 134.400000
 1397    11     4    21 112.500000 461.250000 135.000000
 1398    11     4    22 117.000000 472.500000 133.200000
 1399    11     4    23 112.500000 461.250000 135.000000
 1400    11     4    24 114.000000 465.000000 134.400000
 1401    11     4    25 117.000000 472.500000 133.200000
 1402    11     4    26 112.500000 461.250000 135.000000
 1403    11     4    27 109.500000 453.750000 136.200000
 1404    11     4    28 114.000000 465.000000 134.400000
 1405    11     4    29 118.500000 476.250000 132.600000
 1406    11     4    30 114.000000 465.000000 134.400000
 1407    11     4    31 114.000000 465.000000 134.400000
 1408    11     4    32 109.500000 453.750000 136.200000
 1409    12     1     1 121.500000 492.750000 140.400000
 1410    12     1     2 118.500000 485.250000 141.600000
 1411    12     1     3 120.000000 489.000000 141.000000
 1412    12     1     4 124.500000 500.250000 139.200000
 1413    12     1     5 118.500000 485.250000 141.600000
 1414    12     1     6 114.000000 474.000000 143.400000
 1415    12     1     7 112.500000 470.250000 144.000000
 1416    12     1     8 121.500000 492.750000 140.400000
 1417    12     1     9 115.500000 477.750000 142.800000
 1418    12     1    10 118.500000 485.250000 141.600000
 1419    12     1    11 112.500000 470.250000 144.000000
 1420    12     1    12 112.500000 470.250000 144.000000
 1421    12     1    13 111.000000 466.500000 144.600000
 1422    12     1    14 120.000000 489.000000 141.000000
 1423    12     1    15 112.500000 470.250000 144.000000
 1424    12     1    16 114.000000 474.000000 143.400000
 1425    12     1    17 121.500000 492.750000 140.400000
 1426    12     1    18 114.000000 474.000000 143.400000
 1427    12     1    19 115.500000 477.750000 142.800000
 1428    12     1    20 117.000000 481.500000 142.200000
 1429    12     1    21 114.000000 474.000000 143.400000
 1430    12     1    22 115.500000 477.750000 142.800000
 1431    12     1    23 109.500000 462.750000 145.200000
 1432    12     1    24 121.500000 492.750000 140.400000
 1433    12     1    25 117.000000 481.500000 142.200000
 1434    12     1    26 121.500000 492.750000 140.400000
 1435    12     1    27 115.500000 477.750000 142.800000
 1436    12     1    28 117.000000 481.500000 142.200000
 1437    12     1    29 112.500000 470.250000 144.000000
 1438    12     1    30 114.000000 474.000000 143.400000
 1439    12     1    31 112.500000 470.250000 144.000000
 1440    12     1    32 111.000000 466.500000 144.600000
 1441    12     2     1 109.500000 458.250000 140.700000
 1442    12     2     2 121.500000 488.250000 135.900000
 1443    12     2     3 118.500000 480.750000 137.100000
 1444    12     2     4 114.000000 469.500000 138.900000
 1445    12     2     5 118.500000 480.750000 137.100000
 1446    12     2     6 120.000000 484.500000 136.500000
 1447    12     2     7 120.000000 484.500000 136.500000
 1448    12     2     8 123.000000 492.000000 135.300000
 1449    12     2     9 126.000000 499.500000 134.100000
 1450    12     2    10 115.500000 473.250000 138.300000
 1451    12     2    11 121.500000 488.250000 135.900000
 1452    12     2    12 115.500000 473.250000 138.300000
 1453    12     2    13 112.500000 465.750000 139.500000
 1454    12     2    14 115.500000 473.250000 138.300000
 1455    12     2    15 118.500000 480.750000 137.100000
 1456    12     2    16 117.000000 477.000000 137.700000
 1457    12     2    17 115.500000 473.250000 138.300000
 1458    12     2    18 117.000000 477.000000 137.700000
 1459    12     2    19 115.500000 473.250000 138.300000
 1460    12     2    20 109.500000 458.250000 140.700000
 1461    12     2    21 115.500000 473.250000 138.300000
 1462    12     2    22 115.500000 473.250000 138.300000
 1463    12     2    23 118.500000 480.750000 137.100000
 1464    12     2    24 111.000000 462.000000 140.100000
 1465    12     2    25 115.500000 473.250000 138.300000
 1466    12     2    26 112.500000 465.750000 139.500000
 1467    12     2    27 111.000000 462.000000 140.100000
 1468    12     2    28 112.500000 465.750000 139.500000
 1469    12     2    29 115.500000 473.250000 138.300000
 1470    12     2    30 114.000000 469.500000 138.900000
 1471    12     2    31 123.000000 492.000000 135.300000
 1472    12     2    32 112.500000 465.750000 139.500000
 1473    12     3     1 115.500000 468.750000 133.800000
 1474    12     3     2 114.000000 465.000000 134.400000
 1475    12     3     3 117.000000 472.500000 133.200000
 1476    12     3     4 115.500000 468.750000 133.800000
 1477    12     3     5 120.000000 480.000000 132.000000
 1478    12     3     6 117.000000 472.500000 133.200000
 1479    12     3     7 118.500000 476.250000 132.600000
 1480    12     3     8 117.000000 472.500000 133.200000
 1481    12     3     9 118.500000 476.250000 132.600000
 1482    12     3    10 114.000000 465.000000 134.400000
 1483    12     3    11 112.500000 461.250000 135.000000
 1484    12     3    12 120.000000 480.000000 132.000000
 1485    12     3    13 117.000000 472.500000 133.200000
 1486    12     3    14 118.500000 477.750000 134.100000
 1487    12     3    15 114.000000 465.000000 134.400000
 1488    12     3    16 124.500000 491.250000 130.200000
 1489    12     3    17 117.000000 472.500000 133.200000
 1490    12     3    18 118.500000 476.250000 132.600000
 1491    12     3    19 115.500000 468.750000 133.800000
 1492    12     3    20 117.000000 472.500000 133.200000
 1493    12     3    21 115.500000 468.750000 133.800000
 1494    12     3    22 111.000000 457.500000 135.600000
 1495    12     3    23 115.500000 468.750000 133.800000
 1496    12     3    24 114.000000 465.000000 134.400000
 1497    12     3    25 114.000000 465.000000 134.400000
 1498    12     3    26 111.000000 457.500000 135.600000
 1499    12     3    27 114.000000 465.000000 134.400000
 1500    12     3    28 115.500000 468.750000 133.800000
 1501    12     3    29 111.000000 457.500000 135.600000
 1502    12     3    30 114.000000 465.000000 134.400000
 1503    12     3    31 112.500000 461.250000 135.000000
 1504    12     3    32 118.500000 476.250000 132.600000
 1505    12     4     1 115.500000 474.750000 139.800000
 1506    12     4     2 117.000000 478.500000 139.200000
 1507    12     4     3 120.000000 486.000000 138.000000
 1508    12     4     4 118.500000 482.250000 138.600000
 1509    12     4     5 111.000000 463.500000 141.600000
 1510    12     4     6 111.000000 463.500000 141.600000
 1511    12     4     7 121.500000 489.750000 137.400000
 1512    12     4     8 117.000000 478.500000 139.200000
 1513    12     4     9 114.000000 471.000000 140.400000
 1514    12     4    10 115.500000 474.750000 139.800000
 1515    12     4    11 117.000000 478.500000 139.200000
 1516    12     4    12 115.500000 474.750000 139.800000
 1517    12     4    13 118.500000 482.250000 138.600000
 1518    12     4    14 114.000000 471.000000 140.400000
 1519    12     4    15 115.500000 474.750000 139.800000
 1520    12     4    16 115.500000 474.750000 139.800000
 1521    12     4    17 112.500000 467.250000 141.000000
 1522    12     4    18 112.500000 467.250000 141.000000
 1523    12     4    19 115.500000 474.750000 139.800000
 1524    12     4    20 111.000000 463.500000 141.600000
 1525    12     4    21 111.000000 463.500000 141.600000
 1526    12     4    22 118.500000 482.250000 138.600000
 1527    12     4    23 115.500000 474.750000 139.800000
 1528    12     4    24 111.000000 463.500000 141.600000
 1529    12     4    25 120.000000 486.000000 138.000000
 1530    12     4    26 112.500000 467.250000 141.000000
 1531    12     4    27 111.000000 463.500000 141.600000
 1532    12     4    28 112.500000 467.250000 141.000000
 1533    12     4    29 124.500000 497.250000 136.200000
 1534    12     4    30 114.000000 471.000000 140.400000
 1535    12     4    31 115.500000 474.750000 139.800000
 1536    12     4    32 111.000000 463.500000 141.600000
 1537    13     1     1 114.000000 466.500000 135.900000
 1538    13     1     2 115.500000 470.250000 135.300000
 1539    13     1     3 115.500000 470.250000 135.300000
 1540    13     1     4 117.000000 472.500000 133.200000
 1541    13     1     5 109.500000 453.750000 136.200000
 1542    13     1     6 114.000000 465.000000 134.400000
 1543    13     1     7 115.500000 470.250000 135.300000
 1544    13     1     8 114.000000 465.000000 134.400000
 1545    13     1     9 117.000000 472.500000 133.200000
 1546    13     1    10 109.500000 453.750000 136.200000
 1547    13     1    11 112.500000 461.250000 135.000000
 1548    13     1    12 111.000000 457.500000 135.600000
 1549    13     1    13 120.000000 480.000000 132.000000
 1550    13     1    14 111.000000 457.500000 135.600000
 1551    13     1    15 114.000000 465.000000 134.400000
 1552    13     1    16 111.000000 457.500000 135.600000
 1553    13     1    17 120.000000 480.000000 132.000000
 1554    13     1    18 109.500000 455.250000 137.700000
 1555    13     1    19 109.500000 453.750000 136.200000
 1556    13     1    20 112.500000 461.250000 135.000000
 1557    13     1    21 117.000000 472.500000 133.200000
 1558    13     1    22 111.000000 457.500000 135.600000
 1559    13     1    23 117.000000 472.500000 133.200000
 1560    13     1    24 106.500000 446.250000 137.400000
 1561    13     1    25 112.500000 461.250000 135.000000
 1562    13     1    26 112.500000 461.250000 135.000000
 1563    13     1    27 117.000000 472.500000 133.200000
 1564    13     1    28 117.000000 472.500000 133.200000
 1565    13     1    29 120.000000 480.000000 132.000000
 1566    13     1    30 114.000000 465.000000 134.400000
 1567    13     1    31 117.000000 474.000000 134.700000
 1568    13     1    32 111.000000 459.000000 137.100000
 1569    13     2     1 109.500000 453.750000 136.200000
 1570    13     2     2 115.500000 468.750000 133.800000
 1571    13     2     3 115.500000 468.750000 133.800000
 1572    13     2     4 120.000000 480.000000 132.000000
 1573    13     2     5 120.000000 480.000000 132.000000
 1574    13     2     6 112.500000 461.250000 135.000000
 1575    13     2     7 121.500000 483.750000 131.400000
 1576    13     2     8 120.000000 480.000000 132.000000
 1577    13     2     9 115.500000 468.750000 133.800000
 1578    13     2    10 120.000000 480.000000 132.000000
 1579    13     2    11 115.500000 468.750000 133.800000
 1580    13     2    12 120.000000 480.000000 132.000000
 1581    13     2    13 117.000000 472.500000 133.200000
 1582    13     2    14 112.500000 461.250000 135.000000
 1583    13     2    15 115.500000 470.250000 135.300000
 1584    13     2    16 112.500000 461.250000 135.000000
 1585    13     2    17 108.000000 450.000000 136.800000
 1586    13     2    18 117.000000 474.000000 134.700000
 1587    13     2    19 114.000000 465.000000 134.400000
 1588    13     2    20 118.500000 476.250000 132.600000
 1589    13     2    21 123.000000 487.500000 130.800000
 1590    13     2    22 112.500000 461.250000 135.000000
 1591    13     2    23 120.000000 480.000000 132.000000
 1592    13     2    24 111.000000 457.500000 135.600000
 1593    13     2    25 112.500000 461.250000 135.000000
 1594    13     2    26 114.000000 465.000000 134.400000
 1595    13     2    27 109.500000 453.750000 136.200000
 1596    13     2    28 120.000000 480.000000 132.000000
 1597    13     2    29 114.000000 465.000000 134.400000
 1598    13     2    30 111.000000 457.500000 135.600000
 1599    13     2    31 109.500000 453.750000 136.200000
 1600    13     2    32 108.000000 450.000000 136.800000
 1601    13     3     1 114.000000 468.000000 137.400000
 1602    13     3     2 120.000000 483.000000 135.000000
 1603    13     3     3 118.500000 479.250000 135.600000
 1604    13     3     4 120.000000 483.000000 135.000000
 1605    13     3     5 120.000000 483.000000 135.000000
 1606    13     3     6 120.000000 483.000000 135.000000
 1607    13     3     7 118.500000 479.250000 135.600000
 1608    13     3     8 124.500000 494.250000 133.200000
 1609    13     3     9 118.500000 479.250000 135.600000
 1610    13     3    10 118.500000 479.250000 135.600000
 1611    13     3    11 123.000000 490.500000 133.800000
 1612    13     3    12 124.500000 494.250000 133.200000
 1613    13     3    13 124.500000 494.250000 133.200000
 1614    13     3    14 115.500000 471.750000 136.800000
 1615    13     3    15 120.000000 483.000000 135.000000
 1616    13     3    16 115.500000 471.750000 136.800000
 1617    13     3    17 115.500000 471.750000 136.800000
 1618    13     3    18 126.000000 498.000000 132.600000
 1619    13     3    19 124.500000 494.250000 133.200000
 1620    13     3    20 127.500000 501.750000 132.000000
 1621    13     3    21 121.500000 486.750000 134.400000
 1622    13     3    22 120.000000 483.000000 135.000000
 1623    13     3    23 121.500000 486.750000 134.400000
 1624    13     3    24 117.000000 475.500000 136.200000
 1625    13     3    25 123.000000 490.500000 133.800000
 1626    13     3    26 124.500000 494.250000 133.200000
 1627    13     3    27 117.000000 475.500000 136.200000
 1628    13     3    28 121.500000 486.750000 134.400000
 1629    13     3    29 114.000000 468.000000 137.400000
 1630    13     3    30 115.500000 471.750000 136.800000
 1631    13     3    31 117.000000 475.500000 136.200000
 1632    13     3    32 124.500000 494.250000 133.200000
 1633    13     4     1 118.500000 482.250000 138.600000
 1634    13     4     2 118.500000 482.250000 138.600000
 1635    13     4     3 120.000000 486.000000 138.000000
 1636    13     4     4 121.500000 489.750000 137.400000
 1637    13     4     5 121.500000 489.750000 137.400000
 1638    13     4     6 120.000000 486.000000 138.000000
 1639    13     4     7 118.500000 482.250000 138.600000
 1640    13     4     8 121.500000 489.750000 137.400000
 1641    13     4     9 118.500000 482.250000 138.600000
 1642    13     4    10 117.000000 478.500000 139.200000
 1643    13     4    11 120.000000 486.000000 138.000000
 1644    13     4    12 117.000000 478.500000 139.200000
 1645    13     4    13 118.500000 482.250000 138.600000
 1646    13     4    14 118.500000 482.250000 138.600000
 1647    13     4    15 115.500000 474.750000 139.800000
 1648    13     4    16 118.500000 482.250000 138.600000
 1649    13     4    17 111.000000 463.500000 141.600000
 1650    13     4    18 121.500000 489.750000 137.400000
 1651    13     4    19 118.500000 482.250000 138.600000
 1652    13     4    20 117.000000 478.500000 139.200000
 1653    13     4    21 121.500000 489.750000 137.400000
 1654    13     4    22 114.000000 471.000000 140.400000
 1655    13     4    23 118.500000 482.250000 138.600000
 1656    13     4    24 121.500000 489.750000 137.400000
 1657    13     4    25 121.500000 489.750000 137.400000
 1658    13     4    26 121.500000 489.750000 137.400000
 1659    13     4    27 115.500000 474.750000 139.800000
 1660    13     4    28 115.500000 474.750000 139.800000
 1661    13     4    29 114.000000 471.000000 140.400000
 1662    13     4    30 114.000000 471.000000 140.400000
 1663    13     4    31 111.000000 463.500000 141.600000
 1664    13     4    32 114.000000 471.000000 140.400000
 1665    14     1     1 114.000000 462.000000 131.400000
 1666    14     1     2 112.500000 458.250000 132.000000
 1667    14     1     3 112.500000 458.250000 132.000000
 1668    14     1     4 111.000000 454.500000 132.600000
 1669    14     1     5 112.500000 458.250000 132.000000
 1670    14     1     6 112.500000 458.250000 132.000000
 1671    14     1     7 111.000000 454.500000 132.600000
 1672    14     1     8 120.000000 477.000000 129.000000
 1673    14     1     9 112.500000 458.250000 132.000000
 1674    14     1    10 121.500000 480.750000 128.400000
 1675    14     1    11 121.500000 480.750000 128.400000
 1676    14     1    12 115.500000 465.750000 130.800000
 1677    14     1    13 120.000000 477.000000 129.000000
 1678    14     1    14 117.000000 471.000000 131.700000
 1679    14     1    15 114.000000 462.000000 131.400000
 1680    14     1    16 117.000000 472.500000 133.200000
 1681    14     1    17 114.000000 462.000000 131.400000
 1682    14     1    18 117.000000 471.000000 131.700000
 1683    14     1    19 118.500000 473.250000 129.600000
 1684    14     1    20 115.500000 465.750000 130.800000
 1685    14     1    21 117.000000 469.500000 130.200000
 1686    14     1    22 112.500000 458.250000 132.000000
 1687    14     1    23 115.500000 465.750000 130.800000
 1688    14     1    24 115.500000 465.750000 130.800000
 1689    14     1    25 115.500000 467.250000 132.300000
 1690    14     1    26 115.500000 465.750000 130.800000
 1691    14     1    27 115.500000 465.750000 130.800000
 1692    14     1    28 117.000000 469.500000 130.200000
 1693    14     1    29 111.000000 456.000000 134.100000
 1694    14     1    30 117.000000 469.500000 130.200000
 1695    14     1    31 115.500000 465.750000 130.800000
 1696    14     1    32 120.000000 477.000000 129.000000
 1697    14     2     1 103.500000 435.750000 135.600000
 1698    14     2     2 112.500000 458.250000 132.000000
 1699    14     2     3 115.500000 465.750000 130.800000
 1700    14     2     4 114.000000 462.000000 131.400000
 1701    14     2     5 118.500000 473.250000 129.600000
 1702    14     2     6 112.500000 458.250000 132.000000
 1703    14     2     7 112.500000 458.250000 132.000000
 1704    14     2     8 115.500000 465.750000 130.800000
 1705    14     2     9 117.000000 469.500000 130.200000
 1706    14     2    10 112.500000 458.250000 132.000000
 1707    14     2    11 112.500000 458.250000 132.000000
 1708    14     2    12 120.000000 477.000000 129.000000
 1709    14     2    13 112.500000 458.250000 132.000000
 1710    14     2    14 114.000000 462.000000 131.400000
 1711    14     2    15 123.000000 484.500000 127.800000
 1712    14     2    16 120.000000 477.000000 129.000000
 1713    14     2    17 109.500000 450.750000 133.200000
 1714    14     2    18 109.500000 450.750000 133.200000
 1715    14     2    19 112.500000 458.250000 132.000000
 1716    14     2    20 111.000000 454.500000 132.600000
 1717    14     2    21 112.500000 458.250000 132.000000
 1718    14     2    22 114.000000 462.000000 131.400000
 1719    14     2    23 109.500000 450.750000 133.200000
 1720    14     2    24 114.000000 462.000000 131.400000
 1721    14     2    25 111.000000 454.500000 132.600000
 1722    14     2    26 108.000000 447.000000 133.800000
 1723    14     2    27 109.500000 450.750000 133.200000
 1724    14     2    28 118.500000 473.250000 129.600000
 1725    14     2    29 114.000000 462.000000 131.400000
 1726    14     2    30 114.000000 462.000000 131.400000
 1727    14     2    31 117.000000 469.500000 130.200000
 1728    14     2    32 112.500000 458.250000 132.000000
 1729    14     3     1 114.000000 459.000000 128.400000
 1730    14     3     2 114.000000 459.000000 128.400000
 1731    14     3     3 111.000000 451.500000 129.600000
 1732    14     3     4 118.500000 470.250000 126.600000
 1733    14     3     5 118.500000 470.250000 126.600000
 1734    14     3     6 114.000000 459.000000 128.400000
 1735    14     3     7 120.000000 474.000000 126.000000
 1736    14     3     8 118.500000 470.250000 126.600000
 1737    14     3     9 115.500000 462.750000 127.800000
 1738    14     3    10 112.500000 455.250000 129.000000
 1739    14     3    11 120.000000 474.000000 126.000000
 1740    14     3    12 117.000000 466.500000 127.200000
 1741    14     3    13 117.000000 466.500000 127.200000
 1742    14     3    14 112.500000 455.250000 129.000000
 1743    14     3    15 120.000000 474.000000 126.000000
 1744    14     3    16 114.000000 459.000000 128.400000
 1745    14     3    17 114.000000 459.000000 128.400000
 1746    14     3    18 112.500000 455.250000 129.000000
 1747    14     3    19 120.000000 474.000000 126.000000
 1748    14     3    20 115.500000 462.750000 127.800000
 1749    14     3    21 112.500000 455.250000 129.000000
 1750    14     3    22 115.500000 462.750000 127.800000
 1751    14     3    23 111.000000 451.500000 129.600000
 1752    14     3    24 114.000000 459.000000 128.400000
 1753    14     3    25 111.000000 451.500000 129.600000
 1754    14     3    26 118.500000 470.250000 126.600000
 1755    14     3    27 109.500000 447.750000 130.200000
 1756    14     3    28 120.000000 474.000000 126.000000
 1757    14     3    29 108.000000 444.000000 130.800000
 1758    14     3    30 111.000000 451.500000 129.600000
 1759    14     3    31 106.500000 440.250000 131.400000
 1760    14     3    32 115.500000 462.750000 127.800000
 1761    14     4     1 111.000000 456.000000 134.100000
 1762    14     4     2 118.500000 474.750000 131.100000
 1763    14     4     3 118.500000 474.750000 131.100000
 1764    14     4     4 121.500000 482.250000 129.900000
 1765    14     4     5 117.000000 469.500000 130.200000
 1766    14     4     6 117.000000 469.500000 130.200000
 1767    14     4     7 112.500000 459.750000 133.500000
 1768    14     4     8 111.000000 454.500000 132.600000
 1769    14     4     9 114.000000 463.500000 132.900000
 1770    14     4    10 117.000000 471.000000 131.700000
 1771    14     4    11 112.500000 459.750000 133.500000
 1772    14     4    12 115.500000 467.250000 132.300000
 1773    14     4    13 118.500000 474.750000 131.100000
 1774    14     4    14 115.500000 467.250000 132.300000
 1775    14     4    15 115.500000 465.750000 130.800000
 1776    14     4    16 121.500000 482.250000 129.900000
 1777    14     4    17 115.500000 465.750000 130.800000
 1778    14     4    18 109.500000 452.250000 134.700000
 1779    14     4    19 109.500000 452.250000 134.700000
 1780    14     4    20 117.000000 471.000000 131.700000
 1781    14     4    21 114.000000 462.000000 131.400000
 1782    14     4    22 114.000000 462.000000 131.400000
 1783    14     4    23 115.500000 467.250000 132.300000
 1784    14     4    24 114.000000 462.000000 131.400000
 1785    14     4    25 109.500000 452.250000 134.700000
 1786    14     4    26 114.000000 462.000000 131.400000
 1787    14     4    27 118.500000 473.250000 129.600000
 1788    14     4    28 111.000000 454.500000 132.600000
 1789    14     4    29 120.000000 477.000000 129.000000
 1790    14     4    30 112.500000 458.250000 132.000000
 1791    14     4    31 112.500000 459.750000 133.500000
 1792    14     4    32 114.000000 463.500000 132.900000
 1793    15     1     1 108.000000 457.500000 144.300000
 1794    15     1     2 111.000000 465.000000 143.100000
 1795    15     1     3 112.500000 468.750000 142.500000
 1796    15     1     4 117.000000 480.000000 140.700000
 1797    15     1     5 115.500000 476.250000 141.300000
 1798    15     1     6 115.500000 476.250000 141.300000
 1799    15     1     7 115.500000 476.250000 141.300000
 1800    15     1     8 118.500000 483.750000 140.100000
 1801    15     1     9 117.000000 480.000000 140.700000
 1802    15     1    10 117.000000 480.000000 140.700000
 1803    15     1    11 115.500000 476.250000 141.300000
 1804    15     1    12 117.000000 480.000000 140.700000
 1805    15     1    13 123.000000 495.000000 138.300000
 1806    15     1    14 124.500000 498.750000 137.700000
 1807    15     1    15 117.000000 480.000000 140.700000
 1808    15     1    16 124.500000 498.750000 137.700000
 1809    15     1    17 109.500000 461.250000 143.700000
 1810    15     1    18 106.500000 453.750000 144.900000
 1811    15     1    19 115.500000 476.250000 141.300000
 1812    15     1    20 117.000000 480.000000 140.700000
 1813    15     1    21 109.500000 461.250000 143.700000
 1814    15     1    22 112.500000 468.750000 142.500000
 1815    15     1    23 106.500000 453.750000 144.900000
 1816    15     1    24 117.000000 480.000000 140.700000
 1817    15     1    25 118.500000 483.750000 140.100000
 1818    15     1    26 123.000000 495.000000 138.300000
 1819    15     1    27 117.000000 480.000000 140.700000
 1820    15     1    28 115.500000 476.250000 141.300000
 1821    15     1    29 117.000000 480.000000 140.700000
 1822    15     1    30 118.500000 483.750000 140.100000
 1823    15     1    31 115.500000 476.250000 141.300000
 1824    15     1    32 117.000000 480.000000 140.700000
 1825    15     2     1 111.000000 459.000000 137.100000
 1826    15     2     2 118.500000 477.750000 134.100000
 1827    15     2     3 117.000000 475.500000 136.200000
 1828    15     2     4 115.500000 471.750000 136.800000
 1829    15     2     5 117.000000 475.500000 136.200000
 1830    15     2     6 120.000000 481.500000 133.500000
 1831    15     2     7 115.500000 471.750000 136.800000
 1832    15     2     8 120.000000 481.500000 133.500000
 1833    15     2     9 117.000000 475.500000 136.200000
 1834    15     2    10 112.500000 462.750000 136.500000
 1835    15     2    11 115.500000 471.750000 136.800000
 1836    15     2    12 109.500000 455.250000 137.700000
 1837    15     2    13 115.500000 471.750000 136.800000
 1838    15     2    14 105.000000 444.000000 139.500000
 1839    15     2    15 108.000000 451.500000 138.300000
 1840    15     2    16 103.500000 441.750000 141.600000
 1841    15     2    17 114.000000 466.500000 135.900000
 1842    15     2    18 111.000000 460.500000 138.600000
 1843    15     2    19 111.000000 459.000000 137.100000
 1844    15     2    20 114.000000 466.500000 135.900000
 1845    15     2    21 111.000000 460.500000 138.600000
 1846    15     2    22 114.000000 466.500000 135.900000
 1847    15     2    23 112.500000 464.250000 138.000000
 1848    15     2    24 109.500000 455.250000 137.700000
 1849    15     2    25 114.000000 466.500000 135.900000
 1850    15     2    26 114.000000 466.500000 135.900000
 1851    15     2    27 114.000000 466.500000 135.900000
 1852    15     2    28 103.500000 441.750000 141.600000
 1853    15     2    29 112.500000 462.750000 136.500000
 1854    15     2    30 106.500000 447.750000 138.900000
 1855    15     2    31 106.500000 447.750000 138.900000
 1856    15     2    32 103.500000 441.750000 141.600000
 1857    15     3     1 109.500000 456.750000 139.200000
 1858    15     3     2 112.500000 464.250000 138.000000
 1859    15     3     3 117.000000 475.500000 136.200000
 1860    15     3     4 108.000000 453.000000 139.800000
 1861    15     3     5 117.000000 475.500000 136.200000
 1862    15     3     6 111.000000 460.500000 138.600000
 1863    15     3     7 114.000000 468.000000 137.400000
 1864    15     3     8 109.500000 456.750000 139.200000
 1865    15     3     9 109.500000 456.750000 139.200000
 1866    15     3    10 120.000000 483.000000 135.000000
 1867    15     3    11 114.000000 468.000000 137.400000
 1868    15     3    12 121.500000 486.750000 134.400000
 1869    15     3    13 120.000000 483.000000 135.000000
 1870    15     3    14 112.500000 464.250000 138.000000
 1871    15     3    15 112.500000 464.250000 138.000000
 1872    15     3    16 111.000000 460.500000 138.600000
 1873    15     3    17 114.000000 468.000000 137.400000
 1874    15     3    18 114.000000 468.000000 137.400000
 1875    15     3    19 111.000000 460.500000 138.600000
 1876    15     3    20 118.500000 479.250000 135.600000
 1877    15     3    21 111.000000 460.500000 138.600000
 1878    15     3    22 117.000000 475.500000 136.200000
 1879    15     3    23 114.000000 468.000000 137.400000
 1880    15     3    24 115.500000 471.750000 136.800000
 1881    15     3    25 111.000000 460.500000 138.600000
 1882    15     3    26 117.000000 475.500000 136.200000
 1883    15     3    27 115.500000 471.750000 136.800000
 1884    15     3    28 117.000000 475.500000 136.200000
 1885    15     3    29 115.500000 471.750000 136.800000
 1886    15     3    30 106.500000 449.250000 140.400000
 1887    15     3    31 114.000000 468.000000 137.400000
 1888    15     3    32 114.000000 468.000000 137.400000
 1889    15     4     1 112.500000 467.250000 141.000000
 1890    15     4     2 117.000000 478.500000 139.200000
 1891    15     4     3 117.000000 478.500000 139.200000
 1892    15     4     4 117.000000 478.500000 139.200000
 1893    15     4     5 112.500000 467.250000 141.000000
 1894    15     4     6 114.000000 471.000000 140.400000
 1895    15     4     7 121.500000 489.750000 137.400000
 1896    15     4     8 111.000000 463.500000 141.600000
 1897    15     4     9 111.000000 463.500000 141.600000
 1898    15     4    10 117.000000 478.500000 139.200000
 1899    15     4    11 111.000000 463.500000 141.600000
 1900    15     4    12 115.500000 474.750000 139.800000
 1901    15     4    13 118.500000 482.250000 138.600000
 1902    15     4    14 117.000000 478.500000 139.200000
 1903    15     4    15 114.000000 471.000000 140.400000
 1904    15     4    16 114.000000 471.000000 140.400000
 1905    15     4    17 117.000000 478.500000 139.200000
 1906    15     4    18 120.000000 486.000000 138.000000
 1907    15     4    19 112.500000 467.250000 141.000000
 1908    15     4    20 118.500000 482.250000 138.600000
 1909    15     4    21 115.500000 474.750000 139.800000
 1910    15     4    22 112.500000 467.250000 141.000000
 1911    15     4    23 121.500000 489.750000 137.400000
 1912    15     4    24 106.500000 452.250000 143.400000
 1913    15     4    25 109.500000 459.750000 142.200000
 1914    15     4    26 112.500000 465.750000 139.500000
 1915    15     4    27 111.000000 462.000000 140.100000
 1916    15     4    28 109.500000 459.750000 142.200000
 1917    15     4    29 117.000000 478.500000 139.200000
 1918    15     4    30 111.000000 463.500000 141.600000
 1919    15     4    31 114.000000 471.000000 140.400000
 1920    15     4    32 114.000000 471.000000 140.400000
 1921    16     1     1 114.000000 468.000000 137.400000
 1922    16     1     2 114.000000 468.000000 137.400000
 1923    16     1     3 114.000000 468.000000 137.400000
 1924    16     1     4 111.000000 460.500000 138.600000
 1925    16     1     5 112.500000 464.250000 138.000000
 1926    16     1     6 112.500000 464.250000 138.000000
 1927    16     1     7 112.500000 464.250000 138.000000
 1928    16     1     8 109.500000 456.750000 139.200000
 1929    16     1     9 114.000000 468.000000 137.400000
 1930    16     1    10 111.000000 460.500000 138.600000
 1931    16     1    11 109.500000 456.750000 139.200000
 1932    16     1    12 111.000000 462.000000 140.100000
 1933    16     1    13 109.500000 456.750000 139.200000
 1934    16     1    14 112.500000 464.250000 138.000000
 1935    16     1    15 112.500000 464.250000 138.000000
 1936    16     1    16 108.000000 454.500000 141.300000
 1937    16     1    17 115.500000 471.750000 136.800000
 1938    16     1    18 114.000000 468.000000 137.400000
 1939    16     1    19 109.500000 456.750000 139.200000
 1940    16     1    20 111.000000 460.500000 138.600000
 1941    16     1    21 255.000000 880.500000 141.000000
 1942    16     1    22 114.000000 468.000000 137.400000
 1943    16     1    23 112.500000 465.750000 139.500000
 1944    16     1    24 112.500000 464.250000 138.000000
 1945    16     1    25 108.000000 454.500000 141.300000
 1946    16     1    26 109.500000 456.750000 139.200000
 1947    16     1    27 111.000000 462.000000 140.100000
 1948    16     1    28 112.500000 464.250000 138.000000
 1949    16     1    29 112.500000 465.750000 139.500000
 1950    16     1    30 108.000000 453.000000 139.800000
 1951    16     1    31 111.000000 462.000000 140.100000
 1952    16     1    32 112.500000 464.250000 138.000000
 1953    16     2     1 103.500000 441.750000 141.600000
 1954    16     2     2 117.000000 475.500000 136.200000
 1955    16     2     3 114.000000 468.000000 137.400000
 1956    16     2     4 106.500000 449.250000 140.400000
 1957    16     2     5 109.500000 456.750000 139.200000
 1958    16     2     6 111.000000 460.500000 138.600000
 1959    16     2     7 112.500000 464.250000 138.000000
 1960    16     2     8 112.500000 464.250000 138.000000
 1961    16     2     9 115.500000 471.750000 136.800000
 1962    16     2    10 112.500000 464.250000 138.000000
 1963    16     2    11 109.500000 456.750000 139.200000
 1964    16     2    12 112.500000 464.250000 138.000000
 1965    16     2    13 114.000000 468.000000 137.400000
 1966    16     2    14 109.500000 456.750000 139.200000
 1967    16     2    15 111.000000 460.500000 138.600000
 1968    16     2    16 114.000000 468.000000 137.400000
 1969    16     2    17 106.500000 449.250000 140.400000
 1970    16     2    18 109.500000 456.750000 139.200000
 1971    16     2    19 105.000000 445.500000 141.000000
 1972    16     2    20 109.500000 456.750000 139.200000
 1973    16     2    21 112.500000 464.250000 138.000000
 1974    16     2    22 109.500000 456.750000 139.200000
 1975    16     2    23 109.500000 456.750000 139.200000
 1976    16     2    24 109.500000 456.750000 139.200000
 1977    16     2    25 109.500000 456.750000 139.200000
 1978    16     2    26 112.500000 464.250000 138.000000
 1979    16     2    27 111.000000 460.500000 138.600000
 1980    16     2    28 112.500000 464.250000 138.000000
 1981    16     2    29 112.500000 464.250000 138.000000
 1982    16     2    30 109.500000 456.750000 139.200000
 1983    16     2    31 108.000000 453.000000 139.800000
 1984    16     2    32 112.500000 464.250000 138.000000
 1985    16     3     1 121.500000 486.750000 134.400000
 1986    16     3     2 112.500000 464.250000 138.000000
 1987    16     3     3 114.000000 468.000000 137.400000
 1988    16     3     4 118.500000 479.250000 135.600000
 1989    16     3     5 124.500000 494.250000 133.200000
 1990    16     3     6 118.500000 479.250000 135.600000
 1991    16     3     7 115.500000 471.750000 136.800000
 1992    16     3     8 115.500000 471.750000 136.800000
 1993    16     3     9 118.500000 479.250000 135.600000
 1994    16     3    10 120.000000 483.000000 135.000000
 1995    16     3    11 118.500000 479.250000 135.600000
 1996    16     3    12 112.500000 464.250000 138.000000
 1997    16     3    13 112.500000 464.250000 138.000000
 1998    16     3    14 112.500000 464.250000 138.000000
 1999    16     3    15 112.500000 464.250000 138.000000
 2000    16     3    16 117.000000 475.500000 136.200000
 2001    16     3    17 115.500000 471.750000 136.800000
 2002    16     3    18 118.500000 479.250000 135.600000
 2003    16     3    19 112.500000 464.250000 138.000000
 2004    16     3    20 117.000000 475.500000 136.200000
 2005    16     3    21 114.000000 468.000000 137.400000
 2006    16     3    22 115.500000 471.750000 136.800000
 2007    16     3    23 109.500000 456.750000 139.200000
 2008    16     3    24 117.000000 475.500000 136.200000
 2009    16     3    25 118.500000 479.250000 135.600000
 2010    16     3    26 115.500000 471.750000 136.800000
 2011    16     3    27 118.500000 479.250000 135.600000
 2012    16     3    28 115.500000 471.750000 136.800000
 2013    16     3    29 112.500000 464.250000 138.000000
 2014    16     3    30 117.000000 475.500000 136.200000
 2015    16     3    31 112.500000 464.250000 138.000000
 2016    16     3    32 114.000000 468.000000 137.400000
 2017    16     4     1 115.500000 471.750000 136.800000
 2018    16     4     2 115.500000 471.750000 136.800000
 2019    16     4     3 112.500000 464.250000 138.000000
 2020    16     4     4 111.000000 460.500000 138.600000
 2021    16     4     5 114.000000 468.000000 137.400000
 2022    16     4     6 115.500000 471.750000 136.800000
 2023    16     4     7 114.000000 468.000000 137.400000
 2024    16     4     8 115.500000 471.750000 136.800000
 2025    16     4     9 117.000000 475.500000 136.200000
 2026    16     4    10 109.500000 456.750000 139.200000
 2027    16     4    11 114.000000 468.000000 137.400000
 2028    16     4    12 117.000000 475.500000 136.200000
 2029    16     4    13 109.500000 456.750000 139.200000
 2030    16     4    14 112.500000 464.250000 138.000000
 2031    16     4    15 109.500000 456.750000 139.200000
 2032    16     4    16 118.500000 479.250000 135.600000
 2033    16     4    17 109.500000 456.750000 139.200000
 2034    16     4    18 115.500000 473.250000 138.300000
 2035    16     4    19 112.500000 464.250000 138.000000
 2036    16     4    20 111.000000 460.500000 138.600000
 2037    16     4    21 114.000000 468.000000 137.400000
 2038    16     4    22 114.000000 468.000000 137.400000
 2039    16     4    23 114.000000 468.000000 137.400000
 2040    16     4    24 111.000000 460.500000 138.600000
 2041    16     4    25 112.500000 464.250000 138.000000
 2042    16     4    26 112.500000 464.250000 138.000000
 2043    16     4    27 114.000000 468.000000 137.400000
 2044    16     4    28 112.500000 464.250000 138.000000
 2045    16     4    29 112.500000 464.250000 138.000000
 2046    16     4    30 115.500000 471.750000 136.800000
 2047    16     4    31 111.000000 460.500000 138.600000
 2048    16     4    32 112.500000 464.250000 138.000000
 2049    17     1     1 107.250000 439.875000 128.850000
 2050    17     1     2 108.000000 444.000000 130.800000
 2051    17     1     3 111.750000 451.125000 127.050000
 2052    17     1     4 109.500000 447.750000 130.200000
 2053    17     1     5 111.750000 451.125000 127.050000
 2054    17     1     6 108.000000 445.500000 132.300000
 2055    17     1     7 111.750000 451.125000 127.050000
 2056    17     1     8 112.500000 456.750000 130.500000
 2057    17     1     9 115.500000 462.750000 127.800000
 2058    17     1    10 114.000000 460.500000 129.900000
 2059    17     1    11 111.000000 451.500000 129.600000
 2060    17     1    12 111.000000 453.000000 131.100000
 2061    17     1    13 112.500000 455.250000 129.000000
 2062    17     1    14 112.500000 455.250000 129.000000
 2063    17     1    15 115.500000 462.750000 127.800000
 2064    17     1    16 117.000000 466.500000 127.200000
 2065    17     1    17 112.500000 455.250000 129.000000
 2066    17     1    18 113.250000 454.875000 126.450000
 2067    17     1    19 111.000000 451.500000 129.600000
 2068    17     1    20 113.250000 454.875000 126.450000
 2069    17     1    21 108.000000 444.000000 130.800000
 2070    17     1    22 108.000000 445.500000 132.300000
 2071    17     1    23 112.500000 456.750000 130.500000
 2072    17     1    24 112.500000 456.750000 130.500000
 2073    17     1    25 111.000000 451.500000 129.600000
 2074    17     1    26 111.000000 453.000000 131.100000
 2075    17     1    27 112.500000 455.250000 129.000000
 2076    17     1    28 109.500000 449.250000 131.700000
 2077    17     1    29 109.500000 447.750000 130.200000
 2078    17     1    30 112.500000 455.250000 129.000000
 2079    17     1    31 115.200000 457.800000 123.720000
 2080    17     1    32 115.200000 457.800000 123.720000
 2081    17     2     1 99.000000 424.500000 137.400000
 2082    17     2     2 114.000000 462.000000 131.400000
 2083    17     2     3 111.000000 454.500000 132.600000
 2084    17     2     4 114.000000 462.000000 131.400000
 2085    17     2     5 114.000000 462.000000 131.400000
 2086    17     2     6 114.000000 462.000000 131.400000
 2087    17     2     7 114.000000 462.000000 131.400000
 2088    17     2     8 108.000000 447.000000 133.800000
 2089    17     2     9 114.000000 462.000000 131.400000
 2090    17     2    10 114.000000 462.000000 131.400000
 2091    17     2    11 117.000000 469.500000 130.200000
 2092    17     2    12 111.000000 454.500000 132.600000
 2093    17     2    13 111.000000 454.500000 132.600000
 2094    17     2    14 109.500000 450.750000 133.200000
 2095    17     2    15 109.500000 450.750000 133.200000
 2096    17     2    16 112.500000 458.250000 132.000000
 2097    17     2    17 111.000000 454.500000 132.600000
 2098    17     2    18 111.000000 454.500000 132.600000
 2099    17     2    19 105.000000 439.500000 135.000000
 2100    17     2    20 108.000000 447.000000 133.800000
 2101    17     2    21 109.500000 450.750000 133.200000
 2102    17     2    22 114.000000 462.000000 131.400000
 2103    17     2    23 109.500000 450.750000 133.200000
 2104    17     2    24 112.500000 458.250000 132.000000
 2105    17     2    25 109.500000 450.750000 133.200000
 2106    17     2    26 115.500000 465.750000 130.800000
 2107    17     2    27 106.500000 443.250000 134.400000
 2108    17     2    28 111.000000 454.500000 132.600000
 2109    17     2    29 109.500000 450.750000 133.200000
 2110    17     2    30 108.000000 447.000000 133.800000
 2111    17     2    31 108.000000 447.000000 133.800000
 2112    17     2    32 115.500000 465.750000 130.800000
 2113    17     3     1 110.700000 446.550000 125.520000
 2114    17     3     2 116.500000 462.750000 124.900000
 2115    17     3     3 116.500000 462.750000 124.900000
 2116    17     3     4 112.000000 451.500000 126.700000
 2117    17     3     5 116.500000 462.750000 124.900000
 2118    17     3     6 110.500000 447.750000 127.300000
 2119    17     3     7 113.500000 455.250000 126.100000
 2120    17     3     8 110.100000 448.650000 129.360000
 2121    17     3     9 122.500000 477.750000 122.500000
 2122    17     3    10 111.600000 452.400000 128.760000
 2123    17     3    11 114.600000 459.900000 127.560000
 2124    17     3    12 120.600000 474.900000 125.160000
 2125    17     3    13 119.500000 470.250000 123.700000
 2126    17     3    14 116.500000 462.750000 124.900000
 2127    17     3    15 123.600000 482.400000 123.960000
 2128    17     3    16 113.100000 456.150000 128.160000
 2129    17     3    17 112.000000 451.500000 126.700000
 2130    17     3    18 115.000000 459.000000 125.500000
 2131    17     3    19 113.500000 455.250000 126.100000
 2132    17     3    20 119.500000 470.250000 123.700000
 2133    17     3    21 113.500000 455.250000 126.100000
 2134    17     3    22 116.500000 462.750000 124.900000
 2135    17     3    23 113.100000 456.150000 128.160000
 2136    17     3    24 116.500000 462.750000 124.900000
 2137    17     3    25 113.500000 455.250000 126.100000
 2138    17     3    26 112.000000 451.500000 126.700000
 2139    17     3    27 115.500000 464.250000 129.300000
 2140    17     3    28 119.500000 470.250000 123.700000
 2141    17     3    29 112.000000 451.500000 126.700000
 2142    17     3    30 113.500000 455.250000 126.100000
 2143    17     3    31 113.500000 455.250000 126.100000
 2144    17     3    32 110.500000 447.750000 127.300000
 2145    17     4     1 114.000000 462.000000 131.400000
 2146    17     4     2 112.500000 458.250000 132.000000
 2147    17     4     3 118.500000 473.250000 129.600000
 2148    17     4     4 109.500000 450.750000 133.200000
 2149    17     4     5 118.500000 473.250000 129.600000
 2150    17     4     6 114.000000 462.000000 131.400000
 2151    17     4     7 117.000000 469.500000 130.200000
 2152    17     4     8 117.000000 469.500000 130.200000
 2153    17     4     9 117.000000 469.500000 130.200000
 2154    17     4    10 111.000000 454.500000 132.600000
 2155    17     4    11 118.500000 473.250000 129.600000
 2156    17     4    12 112.500000 458.250000 132.000000
 2157    17     4    13 111.000000 454.500000 132.600000
 2158    17     4    14 106.500000 443.250000 134.400000
 2159    17     4    15 112.500000 458.250000 132.000000
 2160    17     4    16 111.000000 456.000000 134.100000
 2161    17     4    17 112.500000 458.250000 132.000000
 2162    17     4    18 108.000000 447.000000 133.800000
 2163    17     4    19 118.500000 473.250000 129.600000
 2164    17     4    20 106.500000 443.250000 134.400000
 2165    17     4    21 108.000000 447.000000 133.800000
 2166    17     4    22 111.000000 454.500000 132.600000
 2167    17     4    23 115.500000 465.750000 130.800000
 2168    17     4    24 109.500000 450.750000 133.200000
 2169    17     4    25 118.500000 473.250000 129.600000
 2170    17     4    26 109.500000 450.750000 133.200000
 2171    17     4    27 106.500000 443.250000 134.400000
 2172    17     4    28 112.500000 458.250000 132.000000
 2173    17     4    29 106.500000 443.250000 134.400000
 2174    17     4    30 109.500000 450.750000 133.200000
 2175    17     4    31 111.000000 454.500000 132.600000
 2176    17     4    32 111.000000 454.500000 132.600000
 2177    18     1     1 111.000000 459.000000 137.100000
 2178    18     1     2 117.000000 474.000000 134.700000
 2179    18     1     3 117.000000 474.000000 134.700000
 2180    18     1     4 117.000000 474.000000 134.700000
 2181    18     1     5 114.000000 466.500000 135.900000
 2182    18     1     6 120.000000 480.000000 132.000000
 2183    18     1     7 118.500000 477.750000 134.100000
 2184    18     1     8 117.000000 472.500000 133.200000
 2185    18     1     9 118.500000 477.750000 134.100000
 2186    18     1    10 115.500000 468.750000 133.800000
 2187    18     1    11 115.500000 470.250000 135.300000
 2188    18     1    12 118.500000 476.250000 132.600000
 2189    18     1    13     -nan     -nan -nan
 2190    18     1    14 121.500000 485.250000 132.900000
 2191    18     1    15 118.500000 477.750000 134.100000
 2192    18     1    16 120.000000 481.500000 133.500000
 2193    18     1    17 111.000000 459.000000 137.100000
 2194    18     1    18 114.000000 466.500000 135.900000
 2195    18     1    19 118.500000 477.750000 134.100000
 2196    18     1    20 115.500000 470.250000 135.300000
 2197    18     1    21 118.500000 476.250000 132.600000
 2198    18     1    22 123.000000 489.000000 132.300000
 2199    18     1    23 117.000000 472.500000 133.200000
 2200    18     1    24 115.500000 470.250000 135.300000
 2201    18     1    25 117.000000 474.000000 134.700000
 2202    18     1    26 115.500000 470.250000 135.300000
 2203    18     1    27 115.500000 470.250000 135.300000
 2204    18     1    28 115.500000 470.250000 135.300000
 2205    18     1    29 120.000000 480.000000 132.000000
 2206    18     1    30 121.500000 485.250000 132.900000
 2207    18     1    31 121.500000 485.250000 132.900000
 2208    18     1    32 123.000000 489.000000 132.300000
 2209    18     2     1 114.000000 465.000000 134.400000
 2210    18     2     2 121.500000 483.750000 131.400000
 2211    18     2     3 120.000000 480.000000 132.000000
 2212    18     2     4 120.000000 480.000000 132.000000
 2213    18     2     5 123.000000 487.500000 130.800000
 2214    18     2     6 117.000000 472.500000 133.200000
 2215    18     2     7 117.000000 472.500000 133.200000
 2216    18     2     8 114.000000 465.000000 134.400000
 2217    18     2     9 120.000000 480.000000 132.000000
 2218    18     2    10 115.500000 468.750000 133.800000
 2219    18     2    11 118.500000 476.250000 132.600000
 2220    18     2    12 117.000000 472.500000 133.200000
 2221    18     2    13 115.500000 468.750000 133.800000
 2222    18     2    14 118.500000 476.250000 132.600000
 2223    18     2    15 120.000000 480.000000 132.000000
 2224    18     2    16 114.000000 465.000000 134.400000
 2225    18     2    17 115.500000 468.750000 133.800000
 2226    18     2    18 118.500000 476.250000 132.600000
 2227    18     2    19 114.000000 465.000000 134.400000
 2228    18     2    20 118.500000 476.250000 132.600000
 2229    18     2    21 117.000000 472.500000 133.200000
 2230    18     2    22 114.000000 465.000000 134.400000
 2231    18     2    23 112.500000 461.250000 135.000000
 2232    18     2    24 118.500000 476.250000 132.600000
 2233    18     2    25 117.000000 472.500000 133.200000
 2234    18     2    26 114.000000 465.000000 134.400000
 2235    18     2    27 115.500000 468.750000 133.800000
 2236    18     2    28 114.000000 465.000000 134.400000
 2237    18     2    29 111.000000 457.500000 135.600000
 2238    18     2    30 115.500000 468.750000 133.800000
 2239    18     2    31 117.000000 472.500000 133.200000
 2240    18     2    32 112.500000 461.250000 135.000000
 2241    18     3     1 120.000000 483.000000 135.000000
 2242    18     3     2 117.000000 475.500000 136.200000
 2243    18     3     3 118.500000 479.250000 135.600000
 2244    18     3     4 117.000000 475.500000 136.200000
 2245    18     3     5 121.500000 486.750000 134.400000
 2246    18     3     6 117.000000 475.500000 136.200000
 2247    18     3     7 114.000000 468.000000 137.400000
 2248    18     3     8 115.500000 471.750000 136.800000
 2249    18     3     9 120.000000 483.000000 135.000000
 2250    18     3    10 114.000000 468.000000 137.400000
 2251    18     3    11 117.000000 475.500000 136.200000
 2252    18     3    12 118.500000 479.250000 135.600000
 2253    18     3    13 115.500000 471.750000 136.800000
 2254    18     3    14 117.000000 475.500000 136.200000
 2255    18     3    15 114.000000 468.000000 137.400000
 2256    18     3    16 115.500000 471.750000 136.800000
 2257    18     3    17 114.000000 468.000000 137.400000
 2258    18     3    18 115.500000 471.750000 136.800000
 2259    18     3    19 117.000000 475.500000 136.200000
 2260    18     3    20 118.500000 479.250000 135.600000
 2261    18     3    21 115.500000 471.750000 136.800000
 2262    18     3    22 115.500000 471.750000 136.800000
 2263    18     3    23 117.000000 475.500000 136.200000
 2264    18     3    24 115.500000 471.750000 136.800000
 2265    18     3    25 118.500000 479.250000 135.600000
 2266    18     3    26 112.500000 464.250000 138.000000
 2267    18     3    27 117.000000 475.500000 136.200000
 2268    18     3    28 118.500000 479.250000 135.600000
 2269    18     3    29 112.500000 464.250000 138.000000
 2270    18     3    30 114.000000 468.000000 137.400000
 2271    18     3    31 114.000000 468.000000 137.400000
 2272    18     3    32 115.500000 471.750000 136.800000
 2273    18     4     1 120.000000 483.000000 135.000000
 2274    18     4     2 118.500000 479.250000 135.600000
 2275    18     4     3 118.500000 479.250000 135.600000
 2276    18     4     4 120.000000 483.000000 135.000000
 2277    18     4     5 123.000000 490.500000 133.800000
 2278    18     4     6 117.000000 475.500000 136.200000
 2279    18     4     7 120.000000 483.000000 135.000000
 2280    18     4     8 120.000000 483.000000 135.000000
 2281    18     4     9 118.500000 479.250000 135.600000
 2282    18     4    10 123.000000 490.500000 133.800000
 2283    18     4    11 115.500000 471.750000 136.800000
 2284    18     4    12 121.500000 486.750000 134.400000
 2285    18     4    13 121.500000 486.750000 134.400000
 2286    18     4    14 117.000000 475.500000 136.200000
 2287    18     4    15 121.500000 486.750000 134.400000
 2288    18     4    16 117.000000 475.500000 136.200000
 2289    18     4    17 117.000000 475.500000 136.200000
 2290    18     4    18 117.000000 475.500000 136.200000
 2291    18     4    19 114.000000 468.000000 137.400000
 2292    18     4    20 112.500000 464.250000 138.000000
 2293    18     4    21 121.500000 486.750000 134.400000
 2294    18     4    22 115.500000 471.750000 136.800000
 2295    18     4    23 115.500000 471.750000 136.800000
 2296    18     4    24 115.500000 471.750000 136.800000
 2297    18     4    25 115.500000 471.750000 136.800000
 2298    18     4    26 118.500000 479.250000 135.600000
 2299    18     4    27 115.500000 471.750000 136.800000
 2300    18     4    28 117.000000 475.500000 136.200000
 2301    18     4    29 118.500000 479.250000 135.600000
 2302    18     4    30 118.500000 479.250000 135.600000
 2303    18     4    31 120.000000 483.000000 135.000000
 2304    18     4    32 117.000000 475.500000 136.200000
